id,agency,family,seq_n,title,summary,csv_raw,csv_norm,title_locs,summary_locs,body_locs,verdict,confirmed_location,confirming_sources,verdict_note,sequence_note
cia-001-cia-uap-d001-intelligence-information-report-ussr-1973,CIA,,,"CIA-UAP-D001, Intelligence Information Report, USSR, 1973",This document is a Central Intelligence Agency (CIA) intelligence information report (IIR) that describes human intelligence gathering activities in the Union of Soviet Socialist Republics (USSR). Th…,USSR,USSR,,,,single-source,USSR,csv,,
doe-001-doe-uap-d001-enhanced-pantex-imagery,DoE,,,"DOE-UAP-D001, Enhanced PANTEX Imagery",A Pantex Unidentified Object Incident Report that includes an enhanced image from ground surveillance radar tower.,N/A,,,,,no-evidence,,,,
doe-002-doe-uap-d002-james-tuck-correspondence-1970s,DoE,,,"DOE-UAP-D002, James Tuck Correspondence, 1970s","Personal correspondence to and from James Tuck, a Los Alamos National Laboratory-affiliated physicist, regarding his interest in unidentified anomalous phenomena circa 1970s.",N/A,,,,,no-evidence,,,,
doe-003-doe-uap-d003-pajarito-astronomers-invitation-1986,DoE,,,"DOE-UAP-D003, Pajarito Astronomers Invitation, 1986","A letter to the members of the Pajarito Astronomers club regarding an upcoming meeting featuring a presentation from a Los Alamos National Laboratory-affiliated physicist, Dr. John Warren, titled “Wh…",New Mexico,Mexico,,,,single-source,Mexico,csv,,
dow-001-18-100754-general-1946-7-vol-2,DoW,,,18_100754_ General 1946-7_Vol_2,This file contains memorandums and correspondence related to flying disc/saucer sightings and that those are a matter of concern for the Air Materiel Command.,N/A,,,,Washington (state); California; United States; Spain; Germany; North America; New Mexico; Mexico,single-source,Washington (state),body,,
dow-002-18-6369445-general-1948-vol-1,DoW,,,18_6369445_General_1948_Vol_1,"This file contains memorandums, correspondence, and forms related to the reporting of information on flying discs and investigations into sightings.",N/A,,,,Washington (state); Wright-Patterson AFB; New York; United States; Florida; California; Pacific Ocean; Texas,single-source,Washington (state),body,,
dow-003-331-120752-numeric-files-1944-1945-37153-german-armament-equ,DoW,,,331_120752_Numeric_Files_1944–1945_37153_German_Armament_Equipment_Documents,"This file contains SHAEF messages and memorandums related to ""night phenomena (foofighters),"" flak rockets, unidentified cylindrical objects, and blinking lights. The documents include multiple refer…",Germany,Germany,,,California,disagree,,"body, csv",body=California; csv=Germany,
dow-004-341-110448-records-relating-to-the-collection-and-disseminat,DoW,,,341_110448_Records_Relating_to_the_Collection_and_Dissemination_of_Intelligence_1948-1955-TS_CONT_No.2_2-5300-2-5399,An Air Force intelligence report from November 1948 relating to unidentified flying objects and flying saucers.,Netherlands,Netherlands,,,Washington (state),disagree,,"body, csv",body=Washington (state); csv=Netherlands,
dow-005-341-110677-numerical-file-5-2500,DoW,,,"341_110677_Numerical_File,_5-2500","Air Intelligence Information Report, 14 October 1955, Report of eye witness account of the ascent and flight of a unconventional aircraft in the trans-Caucasus region on the USSR.",Azerbaijan,Azerbaijan,,,,single-source,Azerbaijan,csv,,
dow-006-342-hs1-416511228-319-1-flying-discs-1949,DoW,,,342_HS1-416511228_319.1 Flying Discs 1949,This file primarily contains incident reports on Unidentified Flying Objects (UFOs) written in compliance with the 1948 Flight Service Regulation (FSR) 200-4. The incidents were witnessed by military…,N/A,,,Japan,Wright-Patterson AFB; Florida; Washington (state); Oman; California; Moon; Texas; United States,confirmed,Japan,"body, summary",,
dow-007-38-143685-box-incident-summaries-101-172,DoW,,,38_143685_box_Incident_Summaries_101-172,"Each of these incident summaries includes a ""Check-List - Unidentified Flying Objects"" that contains details about the incident. Many summaries also include witness lists or statements and other narr…",N/A,,,,Moon; United Kingdom; California; Pacific Ocean; New Mexico; Mexico; Jordan; United States,single-source,United Kingdom,body,,
dow-008-38-143685-box-incident-summaries-173-233,DoW,,,38_143685_box_Incident_Summaries_173-233,"Each of these incident summaries includes a ""Check-List - Unidentified Flying Objects"" that contains details about the incident. Many summaries also include witness lists or statements and other narr…",N/A,,,,Mexico; Florida; Moon; Wright-Patterson AFB; Germany; Texas; Washington (state); Andrews AFB,single-source,Mexico,body,,
dow-009-38-143685-box7-incident-summaries-1-100,DoW,,,38_143685_box7_Incident_Summaries_1-100,"Each of these incident summaries includes a ""Check-List - Unidentified Flying Objects"" that contains details about the incident. Many summaries also include witness lists or statements and other narr…",N/A,,,,California; Florida; Moon; Washington (state); Arizona; New Mexico; Nevada; Texas,single-source,California,body,,
dow-010-dow-uap-d10-mission-report-middle-east-may-2022,DoW,DOW-UAP-D,10,"DOW-UAP-D10, Mission Report, Middle East, May 2022","This document is a Mission Report (MISREP), a standardized reporting form the U.S. Military uses to record the circumstances surrounding its operations. U.S. military services often use MISREPs to re…",Iraq,Iraq,Middle East,,United States,confirmed,Iraq,"csv, title",,
dow-011-dow-uap-d12-mission-report-iraq-may-2022,DoW,DOW-UAP-D,12,"DOW-UAP-D12, Mission Report, Iraq, May 2022","This document is a Mission Report (MISREP), a standardized reporting form the U.S. Military uses to record the circumstances surrounding its operations. U.S. military services often use MISREPs to re…",Iraq,Iraq,Iraq,,United States,confirmed,Iraq,"csv, title",,
dow-012-dow-uap-d14-mission-report-iraq-may-2022,DoW,DOW-UAP-D,14,"DOW-UAP-D14, Mission Report, Iraq, May 2022","This document is a Mission Report (MISREP), a standardized reporting form the U.S. Military uses to record the circumstances surrounding its operations. U.S. military services often use MISREPs to re…",Syria,Syria,Iraq,,Mediterranean Sea; United States; Israel; Lebanon; Syria; Florida; New Mexico,confirmed,Syria,"body, csv",,
dow-013-dow-uap-d16-mission-report-syria-july-2022,DoW,DOW-UAP-D,16,"DOW-UAP-D16, Mission Report, Syria, July 2022","This document is a Mission Report (MISREP), a standardized reporting form the U.S. Military uses to record the circumstances surrounding its operations. U.S. military services often use MISREPs to re…",Syria,Syria,Syria,,United States; Arizona; Florida,confirmed,Syria,"csv, title",,
dow-014-dow-uap-d18-mission-report-iraq-december-2022,DoW,DOW-UAP-D,18,"DOW-UAP-D18, Mission Report, Iraq, December 2022","This document is a Mission Report (MISREP), a standardized reporting form the U.S. Military uses to record the circumstances surrounding its operations. U.S. military services often use MISREPs to re…",Iraq,Iraq,Iraq,,Iraq; United States,confirmed,Iraq,"body, csv, title",,
dow-015-dow-uap-d19-mission-report-syria-february-21-2023,DoW,DOW-UAP-D,19,"DOW-UAP-D19, Mission Report, Syria, February 21, 2023","This document is a Mission Report (MISREP), a standardized reporting form the U.S. Military uses to record the circumstances surrounding its operations. U.S. military services often use MISREPs to re…",Syria,Syria,Syria,,Florida; United States; Turkey,confirmed,Syria,"csv, title",,
dow-016-dow-uap-d20-mission-report-iraq-2023,DoW,DOW-UAP-D,20,"DOW-UAP-D20, Mission Report, Iraq, 2023","This document is a Mission Report (MISREP), a standardized reporting form the U.S. Military uses to record the circumstances surrounding its operations. U.S. military services often use MISREPs to re…",Iraq,Iraq,Iraq,,United States,confirmed,Iraq,"csv, title",,
dow-017-dow-uap-d23-mission-report-united-arab-emirates-october-2023,DoW,DOW-UAP-D,23,"DOW-UAP-D23, Mission Report, United Arab Emirates, October 2023","This document is a Mission Report (MISREP), a standardized reporting form the U.S. Military uses to record the circumstances surrounding its operations. U.S. military services often use MISREPs to re…",Persian Gulf,Persian Gulf,United Arab Emirates,,United States,confirmed,United Arab Emirates,"csv, title",,
dow-018-dow-uap-d23-mission-report-united-arab-emirates-october-2023,DoW,DOW-UAP-D,23,"DOW-UAP-D23, Mission Report, United Arab Emirates, October 2023","This document is a Mission Report (MISREP), a standardized reporting form the U.S. Military uses to record the circumstances surrounding its operations. U.S. military services often use MISREPs to re…",Persian Gulf,Persian Gulf,United Arab Emirates,,United States,confirmed,United Arab Emirates,"csv, title",,
dow-019-dow-uap-d25-mission-report-greece-january-2024,DoW,DOW-UAP-D,25,"DOW-UAP-D25, Mission Report, Greece, January 2024","This document is a Mission Report (MISREP), a standardized reporting form the U.S. Military uses to record the circumstances surrounding its operations. U.S. military services often use MISREPs to re…",Mediterranean Sea,Mediterranean Sea,Greece,,United States; CENTCOM,confirmed,Greece,"csv, title",,
dow-020-dow-uap-d27-mission-report-united-arab-emirates-october-2023,DoW,DOW-UAP-D,27,"DOW-UAP-D27, Mission Report, United Arab Emirates, October 2023","This document is a Mission Report (MISREP), a standardized reporting form the U.S. Military uses to record the circumstances surrounding its operations. U.S. military services often use MISREPs to re…",Gulf of Oman,Oman,United Arab Emirates,,United States; CENTCOM,confirmed,Oman,"body, csv",,
dow-021-dow-uap-d28-mission-report-iraq-september-2024,DoW,DOW-UAP-D,28,"DOW-UAP-D28, Mission Report, Iraq, September 2024","This document is a Mission Report (MISREP), a standardized reporting form the U.S. Military uses to record the circumstances surrounding its operations. U.S. military services often use MISREPs to re…",Iraq,Iraq,Iraq,,United States; CENTCOM,confirmed,Iraq,"body, csv, title",,
dow-022-dow-uap-d3-mission-report-arabian-gulf-2020,DoW,DOW-UAP-D,3,"DOW-UAP-D3, Mission Report, Arabian Gulf, 2020","This document is a Mission Report (MISREP), a standardized reporting form the U.S. Military uses to record the circumstances surrounding its operations. U.S. military services often use MISREPs to re…",N/A,,Persian Gulf,,United States,disagree,,"body, title",body=United States; title=Persian Gulf,
dow-023-dow-uap-d32-mission-report-syria-october-2024,DoW,DOW-UAP-D,32,"DOW-UAP-D32, Mission Report, Syria, October 2024","This document is a Mission Report (MISREP), a standardized reporting form the U.S. Military uses to record the circumstances surrounding its operations. U.S. military services often use MISREPs to re…",Syria,Syria,Syria,,United States,confirmed,Syria,"csv, title",,
dow-024-dow-uap-d32-mission-report-syria-october-2024,DoW,DOW-UAP-D,32,"DOW-UAP-D32, Mission Report, Syria, October 2024","This document is a Mission Report (MISREP), a standardized reporting form the U.S. Military uses to record the circumstances surrounding its operations. U.S. military services often use MISREPs to re…",Syria,Syria,Syria,,United States,confirmed,Syria,"csv, title",,
dow-025-dow-uap-d32-mission-report-syria-october-2024,DoW,DOW-UAP-D,32,"DOW-UAP-D32, Mission Report, Syria, October 2024","This document is a Mission Report (MISREP), a standardized reporting form the U.S. Military uses to record the circumstances surrounding its operations. U.S. military services often use MISREPs to re…",Syria,Syria,Syria,,United States,confirmed,Syria,"csv, title",,
dow-026-dow-uap-d33-mission-report-greece-october-2023,DoW,DOW-UAP-D,33,"DOW-UAP-D33, Mission Report, Greece, October 2023","This document is a Mission Report (MISREP), a standardized reporting form the U.S. Military uses to record the circumstances surrounding its operations. U.S. military services often use MISREPs to re…",Aegean Sea,Aegean Sea,Greece,,,confirmed,Greece,"csv, title",,
dow-027-dow-uap-d35-mission-report-greece-october-2023,DoW,DOW-UAP-D,35,"DOW-UAP-D35, Mission Report, Greece, October 2023","This document is a Mission Report (MISREP), a standardized reporting form the U.S. Military uses to record the circumstances surrounding its operations. U.S. military services often use MISREPs to re…",Aegean Sea,Aegean Sea,Greece,,United States,confirmed,Greece,"csv, title",,
dow-028-dow-uap-d38-range-fouler-debrief-middle-east-may-2020,DoW,DOW-UAP-D,38,"DOW-UAP-D38, Range Fouler Debrief, Middle East, May 2020","This document is a Range Fouler Debrief, a standardized reporting form the U.S. Navy uses to record the circumstances surrounding an unauthorized intrusion into controlled airspace during active mili…",Persian Gulf,Persian Gulf,Middle East,,,confirmed,Persian Gulf,"csv, title",,
dow-029-dow-uap-d4-mission-report-arabian-gulf-2020,DoW,DOW-UAP-D,4,"DOW-UAP-D4, Mission Report, Arabian Gulf, 2020","This document is a Mission Report (MISREP), a standardized reporting form the U.S. Military uses to record the circumstances surrounding its operations. U.S. military services often use MISREPs to re…",N/A,,Persian Gulf,,,single-source,Persian Gulf,title,,
dow-030-dow-uap-d42-range-fouler-debrief-japan-2023,DoW,DOW-UAP-D,42,"DOW-UAP-D42, Range Fouler Debrief, Japan, 2023","This document is a Range Fouler Debrief Form, a standardized reporting form the U.S. Navy uses to record the circumstances surrounding an unauthorized intrusion into controlled airspace during active…",Arabian Gulf,Persian Gulf,Japan,,Florida,csv-vs-title,Japan,title,csv `Persian Gulf` disagrees with title (filename),
dow-031-dow-uap-d44-range-fouler-reporting-form-gulf-of-aden-october,DoW,DOW-UAP-D,44,"DOW-UAP-D44, Range Fouler Reporting Form, Gulf of Aden, October 2020","This document is a Range Fouler Reporting Form, a standardized reporting form the U.S. Navy uses to record the circumstances surrounding an unauthorized intrusion into controlled airspace during acti…",Arabian Sea,Arabian Sea,Gulf of Aden,,Gulf of Aden,confirmed,Gulf of Aden,"body, title",,
dow-032-dow-uap-d48-department-of-the-air-force-report-1996,DoW,DOW-UAP-D,48,"DOW-UAP-D48, Department of the Air Force Report, 1996","This report describes the Modeling of Unlikely Space-Booster Failures in Risk Calculations, documenting historical launch failure modes and recommending corrective actions to address them using novel…",N/A,,,,Florida; Vandenberg AFB; California; Washington (state); Atlantic Ocean; New Mexico; Moon; Japan,single-source,Florida,body,,
dow-033-dow-uap-d49-launch-summary-vandenberg-afb-2000,DoW,DOW-UAP-D,49,"DOW-UAP-D49, Launch Summary, Vandenberg AFB, 2000",This report summarizes the historical record of launches occurring at Vandenberg Air Force Base between 1958 and 2000.,N/A,,Vandenberg AFB,Vandenberg AFB,Vandenberg AFB; California; Florida; Korea; Edwards AFB; Moon; Georgia (country); United Kingdom,confirmed,Vandenberg AFB,"body, summary, title",,
dow-034-dow-uap-d5-mission-report-arabian-gulf-2020,DoW,DOW-UAP-D,5,"DOW-UAP-D5, Mission Report, Arabian Gulf, 2020","This document is a Mission Report (MISREP), a standardized reporting form the U.S. Military uses to record the circumstances surrounding its operations. U.S. military services often use MISREPs to re…",Mediterranean Sea,Mediterranean Sea,Persian Gulf,,,csv-vs-title,Persian Gulf,title,csv `Mediterranean Sea` disagrees with title (filename),
dow-035-dow-uap-d50-email-correspondence-indopacom-april-2025,DoW,DOW-UAP-D,50,"DOW-UAP-D50, Email Correspondence, INDOPACOM, April 2025",This document is email correspondence describing the content of a mission report and requesting clarification on its content. All descriptive and estimative language contained in this report reflects…,N/A,,Indo-PACOM,,Indo-PACOM,confirmed,Indo-PACOM,"body, title",,
dow-036-dow-uap-d51-email-correspondence-pacific-time-zone-march-202,DoW,DOW-UAP-D,51,"DOW-UAP-D51, Email Correspondence, Pacific Time Zone, March 2023",This document is email correspondence describing the content of a mission report and requesting clarification on its content. All descriptive and estimative language contained in this report reflects…,Pacific Time Zone,Pacific Ocean,Pacific Ocean; Pacific Time Zone,,Pacific Ocean; Pacific Time Zone,confirmed,Pacific Ocean,"body, csv, title",,
dow-037-dow-uap-d52-email-correspondance-na-august-2024,DoW,DOW-UAP-D,52,"DOW-UAP-D52, Email Correspondance, NA, August 2024",This document is email correspondence describing the content of a mission report and requesting clarification on its content. All descriptive and estimative language contained in this report reflects…,N/A,,,,,no-evidence,,,,
dow-038-dow-uap-d54-mission-report-mediterranean-sea-na,DoW,DOW-UAP-D,54,"DOW-UAP-D54, Mission Report, Mediterranean Sea, NA","This document is a Mission Report (MISREP), a standardized reporting form the U.S. Military uses to record the circumstances surrounding its operations. U.S. military services often use MISREPs to re…",Mediterranean Sea,Mediterranean Sea,Mediterranean Sea,,,confirmed,Mediterranean Sea,"csv, title",,
dow-039-dow-uap-d55-mission-report-syria-november-2016,DoW,DOW-UAP-D,55,"DOW-UAP-D55, Mission Report, Syria, November 2016","This document is a mission briefing summarizing an observation of Unidentified Anomalous Phenomena (UAP) by a U.S. military platform near Latakia, Syria. A U.S. military pilot flying a P-8A aircraft …",Syria,Syria,Syria,Syria,New Mexico; Syria; Mediterranean Sea,confirmed,Syria,"body, csv, summary, title",,
dow-040-dow-uap-d56-range-fouler-debrief-arabian-sea-august-2020,DoW,DOW-UAP-D,56,"DOW-UAP-D56, Range Fouler Debrief, Arabian Sea, August 2020","This document is a Range Fouler Debrief Form, a standardized reporting form the U.S. Navy uses to record the circumstances surrounding an unauthorized intrusion into controlled airspace during active…",Arabian Sea,Arabian Sea,Arabian Sea,Arabian Sea,Arabian Sea,confirmed,Arabian Sea,"body, csv, summary, title",,
dow-041-dow-uap-d57-range-fouler-reporting-form-gulf-of-aden-septemb,DoW,DOW-UAP-D,57,"DOW-UAP-D57, Range Fouler Reporting Form, Gulf of Aden, September 2020","This document is a Range Fouler Reporting Form, a standardized reporting form the U.S. Navy uses to record the circumstances surrounding an unauthorized intrusion into controlled airspace during acti…",Gulf of Aden,Gulf of Aden,Gulf of Aden,Gulf of Aden,New Mexico,confirmed,Gulf of Aden,"csv, summary, title",,
dow-042-dow-uap-d58-range-fouler-debrief-na-october-2020,DoW,DOW-UAP-D,58,"DOW-UAP-D58, Range Fouler Debrief, NA, October 2020","This document is a Range Fouler Debrief, a standardized reporting form the U.S. Navy uses to record the circumstances surrounding an unauthorized intrusion into controlled airspace during active mili…",N/A,,,,,no-evidence,,,,
dow-043-dow-uap-d6-mission-report-arabian-gulf-2020,DoW,DOW-UAP-D,6,"DOW-UAP-D6, Mission Report, Arabian Gulf, 2020","This document is a Mission Report (MISREP), a standardized reporting form the U.S. Military uses to record the circumstances surrounding its operations. U.S. military services often use MISREPs to re…",Pacific Ocean,Pacific Ocean,Persian Gulf,,,csv-vs-title,Persian Gulf,title,csv `Pacific Ocean` disagrees with title (filename),
dow-044-dow-uap-d60-mission-report-persian-gulf-august-2020,DoW,DOW-UAP-D,60,"DOW-UAP-D60, Mission Report, Persian Gulf, August 2020","This document is a Mission Report (MISREP), a standardized reporting form the U.S. Military uses to record the circumstances surrounding its operations. U.S. military services often use MISREPs to re…",Persian Gulf,Persian Gulf,Persian Gulf,,Persian Gulf; Strait of Hormuz; Gulf of Oman; Oman; United States; Florida,confirmed,Persian Gulf,"body, csv, title",,
dow-045-dow-uap-d61-mission-report-persian-gulf-august-2020,DoW,DOW-UAP-D,61,"DOW-UAP-D61, Mission Report, Persian Gulf, August 2020","This document is a Mission Report (MISREP), a standardized reporting form the U.S. Military uses to record the circumstances surrounding its operations. U.S. military services often use MISREPs to re…",Persian Gulf,Persian Gulf,Persian Gulf,,Strait of Hormuz; Gulf of Oman; Oman; United States; Persian Gulf,confirmed,Persian Gulf,"body, csv, title",,
dow-046-dow-uap-d62-mission-report-strait-of-hormuz-september-2020,DoW,DOW-UAP-D,62,"DOW-UAP-D62, Mission Report, Strait of Hormuz, September 2020","This document is a Mission Report (MISREP), a standardized reporting form the U.S. Military uses to record the circumstances surrounding its operations. U.S. military services often use MISREPs to re…",Strait of Hormuz,Strait of Hormuz,Strait of Hormuz,,Persian Gulf; Gulf of Oman; Oman; United States; Florida,confirmed,Strait of Hormuz,"csv, title",,
dow-047-dow-uap-d63-mission-report-strait-of-hormuz-october-2020,DoW,DOW-UAP-D,63,"DOW-UAP-D63, Mission Report, Strait of Hormuz, October 2020","This document is a Mission Report (MISREP), a standardized reporting form the U.S. Military uses to record the circumstances surrounding its operations. U.S. military services often use MISREPs to re…",Strait of Hormuz,Strait of Hormuz,Strait of Hormuz,,Persian Gulf; Strait of Hormuz; Gulf of Oman; Oman; United States; Florida,confirmed,Strait of Hormuz,"body, csv, title",,
dow-048-dow-uap-d64-mission-report-iran-november-2020,DoW,DOW-UAP-D,64,"DOW-UAP-D64, Mission Report, Iran, November 2020","This document is a Mission Report (MISREP), a standardized reporting form the U.S. Military uses to record the circumstances surrounding its operations. U.S. military services often use MISREPs to re…",Iran,Iran,Iran,,Persian Gulf; Strait of Hormuz; Gulf of Oman; Oman; United States; Florida,confirmed,Iran,"csv, title",,
dow-049-dow-uap-d65-mission-report-persian-gulf-july-2020,DoW,DOW-UAP-D,65,"DOW-UAP-D65, Mission Report, Persian Gulf, July 2020","This document is a Mission Report (MISREP), a standardized reporting form the U.S. Military uses to record the circumstances surrounding its operations. U.S. military services often use MISREPs to re…",Persian Gulf,Persian Gulf,Persian Gulf,,Strait of Hormuz; Gulf of Oman; Oman; United States; Persian Gulf; Florida,confirmed,Persian Gulf,"body, csv, title",,
dow-050-dow-uap-d7-mission-report-arabian-gulf-2020,DoW,DOW-UAP-D,7,"DOW-UAP-D7, Mission Report, Arabian Gulf, 2020","This document is a Mission Report (MISREP), a standardized reporting form the U.S. Military uses to record the circumstances surrounding its operations. U.S. military services often use MISREPs to re…",N/A,,Persian Gulf,,,single-source,Persian Gulf,title,,
dow-051-dow-uap-d74-mission-report-syria-november-2023,DoW,DOW-UAP-D,74,"DOW-UAP-D74, Mission Report, Syria, November 2023","This document is a Mission Report (MISREP), a standardized reporting form the U.S. Military uses to record the circumstances surrounding its operations. U.S. military services often use MISREPs to re…",Syria,Syria,Syria,,United States; CENTCOM,confirmed,Syria,"body, csv, title",,
dow-052-dow-uap-d75-mission-report-gulf-of-aden-july-2024,DoW,DOW-UAP-D,75,"DOW-UAP-D75, Mission Report, Gulf of Aden, July 2024","This document is a Mission Report (MISREP), a standardized reporting form the U.S. Military uses to record the circumstances surrounding its operations. U.S. military services often use MISREPs to re…",Gulf of Aden,Gulf of Aden,Gulf of Aden,,United States,confirmed,Gulf of Aden,"csv, title",,
dow-053-dow-uap-d8-mission-report-djibouti-2025,DoW,DOW-UAP-D,8,"DOW-UAP-D8, Mission Report, Djibouti, 2025","This document is a Mission Report (MISREP), a standardized reporting form the U.S. Military uses to record the circumstances surrounding its operations. U.S. military services often use MISREPs to re…",Mediterranean Sea,Mediterranean Sea,Djibouti,,,csv-vs-title,Djibouti,title,csv `Mediterranean Sea` disagrees with title (filename),
dow-054-dow-uap-pr19-unresolved-uap-report-middle-east-may-2022,DoW,DOW-UAP-PR,19,"DOW-UAP-PR19, Unresolved UAP Report, Middle East, May 2022",The United States Central Command submitted a report of an unidentified anomalous phenomenon to the All-domain Anomaly Resolution Office (AARO) consisting of five seconds of video footage from an inf…,Middle East,Middle East,Middle East,United States,Middle East,confirmed,Middle East,"body, csv, title",,
dow-055-dow-uap-pr20-unresolved-uap-report-kuwait-may-2022,DoW,DOW-UAP-PR,20,"DOW-UAP-PR20, Unresolved UAP Report, Kuwait, May 2022",The United States Central Command submitted a report of an unidentified anomalous phenomenon (UAP) to the All-domain Anomaly Resolution Office (AARO) consisting of a still image derived from a U.S. m…,Iraq,Iraq,Kuwait,United States,,csv-vs-title,Kuwait,title,csv `Iraq` disagrees with title (filename),
dow-056-dow-uap-pr21-unresolved-uap-report-iraq-may-2022,DoW,DOW-UAP-PR,21,"DOW-UAP-PR21, Unresolved UAP Report, Iraq, May 2022",The United States Central Command submitted a report of an unidentified anomalous phenomenon (UAP) to the All-domain Anomaly Resolution Office (AARO) consisting of ten seconds of video footage from a…,Iraq,Iraq,Iraq,United States,Iraq,confirmed,Iraq,"body, csv, title",,
dow-057-dow-uap-pr22-unresolved-uap-report-syria-july-2022,DoW,DOW-UAP-PR,22,"DOW-UAP-PR22, Unresolved UAP Report, Syria, July 2022",The United States Central Command submitted a report of an unidentified anomalous phenomenon (UAP) to the All-domain Anomaly Resolution Office (AARO) consisting of 14 seconds of video footage from an…,Syria,Syria,Syria,United States,Syria,confirmed,Syria,"body, csv, title",,
dow-058-dow-uap-pr23-unresolved-uap-report-iraq-december-2022,DoW,DOW-UAP-PR,23,"DOW-UAP-PR23, Unresolved UAP Report, Iraq, December 2022",The United States Central Command submitted a report of an unidentified anomalous phenomenon to the All-domain Anomaly Resolution Office (AARO) consisting of ten seconds of video footage from an infr…,Iraq,Iraq,Iraq,United States,Iraq; California,confirmed,Iraq,"body, csv, title",,
dow-059-dow-uap-pr26-unresolved-uap-report-united-arab-emirates-octo,DoW,DOW-UAP-PR,26,"DOW-UAP-PR26, Unresolved UAP Report, United Arab Emirates, October 2023",The United States Central Command submitted a report of an unidentified anomalous phenomenon to the All-domain Anomaly Resolution Office (AARO) consisting of 43 seconds of video footage from an infra…,United Arab Emirates,United Arab Emirates,United Arab Emirates,United States,United Arab Emirates,confirmed,United Arab Emirates,"body, csv, title",,
dow-060-dow-uap-pr27-unresolved-uap-report-united-arab-emirates-octo,DoW,DOW-UAP-PR,27,"DOW-UAP-PR27, Unresolved UAP Report, United Arab Emirates, October 2023",The United States Central Command submitted a report of an unidentified anomalous phenomenon to the All-domain Anomaly Resolution Office (AARO) consisting of four minutes and 57 seconds of video foot…,United Arab Emirates,United Arab Emirates,United Arab Emirates,United States,United Arab Emirates,confirmed,United Arab Emirates,"body, csv, title",,
dow-061-dow-uap-pr28-unresolved-uap-report-greece-january-2024,DoW,DOW-UAP-PR,28,"DOW-UAP-PR28, Unresolved UAP Report, Greece, January 2024",The United States Central Command submitted a report of an unidentified anomalous phenomenon (UAP) to the All-domain Anomaly Resolution Office (AARO) consisting of one minute and five seconds of vide…,Greece,Greece,Greece,United States,Greece,confirmed,Greece,"body, csv, title",,
dow-062-dow-uap-pr29-unresolved-uap-report-united-arab-emirates-june,DoW,DOW-UAP-PR,29,"DOW-UAP-PR29, Unresolved UAP Report, United Arab Emirates, June 2024",The United States Northern Command submitted a report of an unidentified anomalous phenomenon (UAP) to the All-domain Anomaly Resolution Office (AARO) consisting of 21 seconds of video footage from a…,Gulf of Oman,Oman,United Arab Emirates,United States,United Arab Emirates,confirmed,United Arab Emirates,"body, title",csv `Oman` disagrees,
dow-063-dow-uap-pr31-unresolved-uap-report-syria-october-2024,DoW,DOW-UAP-PR,31,"DOW-UAP-PR31, Unresolved UAP Report, Syria, October 2024",The United States Central Command submitted a report of an unidentified anomalous phenomenon (UAP) to the All-domain Anomaly Resolution Office (AARO) consisting of five seconds of video footage from …,Syria,Syria,Syria,United States,Syria,confirmed,Syria,"body, csv, title",,
dow-064-dow-uap-pr32-unresolved-uap-report-syria-october-2024,DoW,DOW-UAP-PR,32,"DOW-UAP-PR32, Unresolved UAP Report, Syria, October 2024",The United States Central Command submitted a report of an unidentified anomalous phenomenon (UAP) to the All-domain Anomaly Resolution Office (AARO) consisting of six seconds of video footage from a…,Syria,Syria,Syria,United States,Syria,confirmed,Syria,"body, csv, title",,
dow-065-dow-uap-pr33-unresolved-uap-report-syria-october-2024,DoW,DOW-UAP-PR,33,"DOW-UAP-PR33, Unresolved UAP Report, Syria, October 2024",The United States Central Command submitted a report of an unidentified anomalous phenomenon (UAP) to the All-domain Anomaly Resolution Office (AARO) consisting of five seconds of video footage from …,Syria,Syria,Syria,United States,Syria,confirmed,Syria,"body, csv, title",,
dow-066-dow-uap-pr34-unresolved-uap-report-greece-october-2023,DoW,DOW-UAP-PR,34,"DOW-UAP-PR34, Unresolved UAP Report, Greece, October 2023",The United States Central Command submitted a report of an unidentified anomalous phenomenon (UAP) to the All-domain Anomaly Resolution Office (AARO) consisting of two minutes and 57 seconds of video…,Greece,Greece,Greece,United States,Greece,confirmed,Greece,"body, csv, title",,
dow-067-dow-uap-pr35-unresolved-uap-report-greece-october-2023,DoW,DOW-UAP-PR,35,"DOW-UAP-PR35, Unresolved UAP Report, Greece, October 2023",The United States Central Command submitted a report of an unidentified anomalous phenomenon (UAP) to the All-domain Anomaly Resolution Office (AARO) consisting of 24 seconds of video footage from an…,Greece,Greece,Greece,United States,Greece,confirmed,Greece,"body, csv, title",,
dow-068-dow-uap-pr36-unresolved-uap-report-middle-east-may-2020,DoW,DOW-UAP-PR,36,"DOW-UAP-PR36, Unresolved UAP Report, Middle East, May 2020",The United States Central Command submitted a report of an unidentified anomalous phenomenon (UAP) to the All-domain Anomaly Resolution Office (AARO) consisting of two minutes and 17 seconds of video…,Middle East,Middle East,Middle East,United States,Middle East,confirmed,Middle East,"body, csv, title",,
dow-069-dow-uap-pr37-unresolved-uap-report-middle-east-2020,DoW,DOW-UAP-PR,37,"DOW-UAP-PR37, Unresolved UAP Report, Middle East, 2020",The United States Central Command submitted a report of an unidentified anomalous phenomenon to the All-domain Anomaly Resolution Office (AARO) consisting of nine seconds of video footage from an inf…,Arabian Gulf,Persian Gulf,Middle East,United States,Middle East,confirmed,Persian Gulf,"body, csv, title",,
dow-070-dow-uap-pr38-unresolved-uap-report-middle-east-2013,DoW,DOW-UAP-PR,38,"DOW-UAP-PR38, Unresolved UAP Report, Middle East, 2013",The United States Central Command submitted a report of an unidentified anomalous phenomenon to the All-domain Anomaly Resolution Office (AARO) consisting of one minute and 46 seconds of video footag…,Middle East,Middle East,Middle East,United States,Middle East,confirmed,Middle East,"body, csv, title",,
dow-071-dow-uap-pr39-unresolved-uap-report-middle-east-2020,DoW,DOW-UAP-PR,39,"DOW-UAP-PR39, Unresolved UAP Report, Middle East, 2020",The United States Central Command submitted a report of an unidentified anomalous phenomenon to the All-domain Anomaly Resolution Office (AARO) consisting of five seconds of video footage from an inf…,Arabian Gulf,Persian Gulf,Middle East,United States,Middle East,confirmed,Persian Gulf,"body, csv, title",,
dow-072-dow-uap-pr40-unresolved-uap-report-middle-east-2020,DoW,DOW-UAP-PR,40,"DOW-UAP-PR40, Unresolved UAP Report, Middle East, 2020",The United States Central Command submitted a report of an unidentified anomalous phenomenon to the All-domain Anomaly Resolution Office (AARO) consisting of one minute and three seconds of video foo…,Arabian Gulf,Persian Gulf,Middle East,United States,Middle East,confirmed,Persian Gulf,"body, csv, title",,
dow-073-dow-uap-pr41-unresolved-uap-report-middle-east-2020,DoW,DOW-UAP-PR,41,"DOW-UAP-PR41, Unresolved UAP Report, Middle East, 2020",The United States Central Command submitted a report of an unidentified anomalous phenomenon to the All-domain Anomaly Resolution Office (AARO) consisting of one minute and 34 seconds of video footag…,Arabian Gulf,Persian Gulf,Middle East,United States,Middle East,confirmed,Persian Gulf,"body, csv, title",,
dow-074-dow-uap-pr42-unresolved-uap-report-middle-east-2020,DoW,DOW-UAP-PR,42,"DOW-UAP-PR42, Unresolved UAP Report, Middle East, 2020",The United States Central Command submitted a report of an unidentified anomalous phenomenon to the All-domain Anomaly Resolution Office (AARO) consisting of four minutes and 53 seconds of video foot…,Arabian Gulf,Persian Gulf,Middle East,United States,Middle East,confirmed,Persian Gulf,"body, csv, title",,
dow-075-dow-uap-pr43-unresolved-uap-report-africa-2025,DoW,DOW-UAP-PR,43,"DOW-UAP-PR43, Unresolved UAP Report, Africa, 2025",The United States Africa Command submitted a report of an unidentified anomalous phenomenon to the All-domain Anomaly Resolution Office (AARO) consisting of two seconds of video footage from an infra…,Djibouti,Djibouti,,United States,,disagree,,"csv, summary",csv=Djibouti; summary=United States,
dow-076-dow-uap-pr44-unresolved-uap-report-middle-east-2020,DoW,DOW-UAP-PR,44,"DOW-UAP-PR44, Unresolved UAP Report, Middle East, 2020",The United States Central Command submitted a report of an unidentified anomalous phenomenon (UAP) to the All-domain Anomaly Resolution Office (AARO) consisting of five minutes and 11 seconds of vide…,Arabian Gulf,Persian Gulf,Middle East,United States,Middle East,confirmed,Persian Gulf,"body, csv, title",,
dow-077-dow-uap-pr45-unresolved-uap-report-middle-east-2020,DoW,DOW-UAP-PR,45,"DOW-UAP-PR45, Unresolved UAP Report, Middle East, 2020",The Department of the Air Force submitted a report of an unidentified anomalous phenomenon to the All-domain Anomaly Resolution Office (AARO) consisting of 58 seconds of video footage from an infrare…,Southern United States,Southern United States,Middle East,,Middle East,confirmed,Middle East,"body, title",csv `Southern United States` disagrees,
dow-078-dow-uap-pr46-unresolved-uap-report-indopacom-2024,DoW,DOW-UAP-PR,46,"DOW-UAP-PR46, Unresolved UAP Report, INDOPACOM, 2024",The United States Indo-Pacific Command submitted a report of an unidentified anomalous phenomenon to the All-domain Anomaly Resolution Office (AARO) consisting of nine seconds of video footage from a…,East China Sea,East China Sea,Indo-PACOM,Pacific Ocean; United States,Indo-PACOM,confirmed,East China Sea,"body, csv, title",,
dow-079-dow-uap-pr47-unresolved-uap-report-indopacom-2023,DoW,DOW-UAP-PR,47,"DOW-UAP-PR47, Unresolved UAP Report, INDOPACOM, 2023",The United States Indo-Pacific Command submitted a report of an unidentified anomalous phenomenon to the All-domain Anomaly Resolution Office (AARO) consisting of one minute and 59 seconds of video f…,Japan,Japan,Indo-PACOM,Pacific Ocean; United States,Indo-PACOM,confirmed,Japan,"body, csv, title",,
dow-080-dow-uap-pr48-unresolved-uap-report-indopacom-2024,DoW,DOW-UAP-PR,48,"DOW-UAP-PR48, Unresolved UAP Report, INDOPACOM, 2024",The United States Indo-Pacific Command submitted a report of an unidentified anomalous phenomenon to the All-domain Anomaly Resolution Office (AARO) consisting of one minute and 39 seconds of video f…,Indo-PACOM,Indo-PACOM,Indo-PACOM,Pacific Ocean; United States,Indo-PACOM,confirmed,Pacific Ocean,"body, csv, summary, title",,
dow-081-dow-uap-pr49-unresolved-uap-report-department-of-the-army-20,DoW,DOW-UAP-PR,49,"DOW-UAP-PR49, Unresolved UAP Report, Department of the Army, 2026",The Department of the Army submitted a report of an unidentified anomalous phenomenon to the All-domain Anomaly Resolution Office (AARO) consisting of one minute and 49 seconds of video from an infra…,North America,North America,,,,single-source,North America,csv,,
dow-082-western-us-event,DoW,,,Western US Event,This document is a summary of statements by seven US PERSONs employed by the federal government who separately reported observing several unidentified anomalous phenomena in the western United States…,Western United States,Western United States,,Western United States; United States,,confirmed,Western United States,"csv, summary",,
dow-083-dow-uap-pr050-4-uap-formation-iran-26-aug-2022-over-water-ca,DoW,DOW-UAP-PR,50,"DOW-UAP-PR050, ""4 UAP Formation Iran 26 Aug 2022 over water [CALLSIGN]""","On March 6, 2026, eight members of the U.S. House of Representatives requested access to 51 potentially UAP-related records allegedly held by the Department of War and the Intelligence Community. The…",CENTCOM,CENTCOM,Iran,Iran; United States,,confirmed,Iran,"csv, summary, title",,
dow-084-dow-uap-pr051-syrian-uap-instant-acceleration,DoW,DOW-UAP-PR,51,"DOW-UAP-PR051, ""Syrian UAP instant acceleration""","On March 6, 2026, eight members of the U.S. House of Representatives requested access to 51 potentially UAP-related records allegedly held by the Department of War and the Intelligence Community. The…",CENTCOM,CENTCOM,,United States,,disagree,,"csv, summary",csv=CENTCOM; summary=United States,
dow-085-dow-uap-d017-uap-reported-at-sandia-base-1948-1950,DoW,DOW-UAP-D,17,"DOW-UAP-D017, UAP Reported at Sandia Base, 1948-1950","This file contains 116 pages of documentation from the Armed Forces Special Weapons Program (AFSWP) – the direct, post-World War II successor to the Manhattan Project – and from the U.S. Air Force – …",New Mexico,Mexico,,Mexico; New Mexico,,confirmed,Mexico,"csv, summary",,
dow-086-dow-uap-d020-mission-report-iraq-2023,DoW,DOW-UAP-D,20,"DOW-UAP-D020, Mission Report, Iraq, 2023","This document is a Mission Report (MISREP), a standardized reporting form the U.S. Military uses to record the circumstances surrounding its operations. U.S. military services often use MISREPs to re…",Iraq,Iraq,Iraq,,,confirmed,Iraq,"csv, title",,
dow-087-dow-uap-pr052-uap-uso-formation-callsign-mission,DoW,DOW-UAP-PR,52,"DOW-UAP-PR052, ""UAP USO Formation [CALLSIGN] (Mission)""","On March 6, 2026, eight members of the U.S. House of Representatives requested access to 51 potentially UAP-related records allegedly held by the Department of War and the Intelligence Community. The…",N/A,,,,,no-evidence,,,,
dow-088-dow-uap-pr053-cigar-shaped-or-fast-sherical-uap-clip-15-oct,DoW,DOW-UAP-PR,53,"DOW-UAP-PR053, ""Cigar Shaped or Fast Sherical UAP clip 15 OCT 22""","On March 6, 2026, eight members of the U.S. House of Representatives requested access to 51 potentially UAP-related records allegedly held by the Department of War and the Intelligence Community. The…",CENTCOM,CENTCOM,,United States,,disagree,,"csv, summary",csv=CENTCOM; summary=United States,
dow-089-dow-uap-pr054-spherical-uap-erratic-movement-callsign-missio,DoW,DOW-UAP-PR,54,"DOW-UAP-PR054, ""Spherical UAP Erratic movement [CALLSIGN] (Mission) 2022""","On March 6, 2026, eight members of the U.S. House of Representatives requested access to 51 potentially UAP-related records allegedly held by the Department of War and the Intelligence Community. The…",EUCOM,EUCOM,,United States,,disagree,,"csv, summary",csv=EUCOM; summary=United States,
dow-090-dow-uap-pr055-spherical-uap-over-afg-in-and-out-of-clouds-23,DoW,DOW-UAP-PR,55,"DOW-UAP-PR055, ""Spherical UAP over AFG in and out of clouds 23 Nov 2020""","On March 6, 2026, eight members of the U.S. House of Representatives requested access to 51 potentially UAP-related records allegedly held by the Department of War and the Intelligence Community. The…",CENTCOM,CENTCOM,,United States,,disagree,,"csv, summary",csv=CENTCOM; summary=United States,
dow-091-dow-uap-pr056-spherical-uap-pulsing-over-water-callsign,DoW,DOW-UAP-PR,56,"DOW-UAP-PR056, ""Spherical UAP pulsing over water [CALLSIGN]""","On March 6, 2026, eight members of the U.S. House of Representatives requested access to 51 potentially UAP-related records allegedly held by the Department of War and the Intelligence Community. The…",N/A,,,,,no-evidence,,,,
dow-092-dow-uap-pr057a-spherical-uap-in-clouds,DoW,DOW-UAP-PR,57,"DOW-UAP-PR057a, ""Spherical UAP in clouds""","On March 6, 2026, eight members of the U.S. House of Representatives requested access to 51 potentially UAP-related records allegedly held by the Department of War and the Intelligence Community. The…",Yellow Sea,Yellow Sea,,East China Sea; China; Indo-PACOM,,disagree,,"csv, summary",csv=Yellow Sea; summary=China; summary=East China Sea; summary=Indo-PACOM,
dow-093-dow-uap-pr057b-platform-observes-uap-in-east-china-sea-05-ja,DoW,DOW-UAP-PR,57,"DOW-UAP-PR057b, ""[Platform] Observes UAP in East China Sea 05 JAN 2023 INDOPACOM""","On March 6, 2026, eight members of the U.S. House of Representatives requested access to 51 potentially UAP-related records allegedly held by the Department of War and the Intelligence Community. The…",Yellow Sea,Yellow Sea,East China Sea; China; Indo-PACOM,,,csv-vs-title,East China Sea,title,csv `Yellow Sea` disagrees with title (filename),
dow-094-dow-uap-pr058-callsign-mission-uap,DoW,DOW-UAP-PR,58,"DOW-UAP-PR058, ""[CALLSIGN] (Mission) UAP""","On March 6, 2026, eight members of the U.S. House of Representatives requested access to 51 potentially UAP-related records allegedly held by the Department of War and the Intelligence Community. The…",INDOPACOM,Indo-PACOM,,Pacific Ocean; United States,,confirmed,Pacific Ocean,"csv, summary",,
dow-095-dow-uap-pr059-nag-uap-1-jun-20,DoW,DOW-UAP-PR,59,"DOW-UAP-PR059, ""NAG UAP 1 Jun 20""","On March 6, 2026, eight members of the U.S. House of Representatives requested access to 51 potentially UAP-related records allegedly held by the Department of War and the Intelligence Community. The…",CENTCOM,CENTCOM,,United States,,disagree,,"csv, summary",csv=CENTCOM; summary=United States,
dow-096-dow-uap-pr060-spherical-uap-callsign-2021-04-12-obj-2,DoW,DOW-UAP-PR,60,"DOW-UAP-PR060, ""Spherical UAP [CALLSIGN] 2021/04/12 obj 2""","On March 6, 2026, eight members of the U.S. House of Representatives requested access to 51 potentially UAP-related records allegedly held by the Department of War and the Intelligence Community. The…",CENTCOM,CENTCOM,,United States,,disagree,,"csv, summary",csv=CENTCOM; summary=United States,
dow-097-dow-uap-pr061-spherical-uap-callsign-2021-04-12-vid-0,DoW,DOW-UAP-PR,61,"DOW-UAP-PR061, ""Spherical UAP [CALLSIGN] 2021/04/12 vid 0""","On March 6, 2026, eight members of the U.S. House of Representatives requested access to 51 potentially UAP-related records allegedly held by the Department of War and the Intelligence Community. The…",CENTCOM,CENTCOM,,United States,,disagree,,"csv, summary",csv=CENTCOM; summary=United States,
dow-098-dow-uap-pr062-spherical-uap-callsign-2021-04-12-vid-1,DoW,DOW-UAP-PR,62,"DOW-UAP-PR062, ""Spherical UAP [CALLSIGN] 2021/04/12 vid 1""","On March 6, 2026, eight members of the U.S. House of Representatives requested access to 51 potentially UAP-related records allegedly held by the Department of War and the Intelligence Community. The…",CENTCOM,CENTCOM,,United States,,disagree,,"csv, summary",csv=CENTCOM; summary=United States,
dow-099-dow-uap-pr063-spherical-uap-callsign-2021-04-12-vid-2,DoW,DOW-UAP-PR,63,"DOW-UAP-PR063, ""Spherical UAP [CALLSIGN] 2021/04/12 vid 2""","On March 6, 2026, eight members of the U.S. House of Representatives requested access to 51 potentially UAP-related records allegedly held by the Department of War and the Intelligence Community. The…",CENTCOM,CENTCOM,,United States,,disagree,,"csv, summary",csv=CENTCOM; summary=United States,
dow-100-dow-uap-pr064-afsoc-kabul-uap-jul-2017,DoW,DOW-UAP-PR,64,"DOW-UAP-PR064, ""AFSOC Kabul UAP Jul 2017""","On March 6, 2026, eight members of the U.S. House of Representatives requested access to 51 potentially UAP-related records allegedly held by the Department of War and the Intelligence Community. The…",CENTCOM,CENTCOM,,United States,,disagree,,"csv, summary",csv=CENTCOM; summary=United States,
dow-101-dow-uap-pr065-uscg-c-144-tyndall-uap-2-tic-tac-ir-hot-24-apr,DoW,DOW-UAP-PR,65,"DOW-UAP-PR065, ""USCG C-144 Tyndall UAP 2 TIC TAC IR hot 24 April 2024""","On March 6, 2026, eight members of the U.S. House of Representatives requested access to 51 potentially UAP-related records allegedly held by the Department of War and the Intelligence Community. The…",Southeastern United States,United States,,United States,,confirmed,United States,"csv, summary",,
dow-102-dow-uap-pr066-uscg-c-144-tyndall-uap-1-tic-tac-ir-hot-24-apr,DoW,DOW-UAP-PR,66,"DOW-UAP-PR066, ""USCG C-144 Tyndall UAP 1 TIC TAC IR hot 24 April 2024""","On March 6, 2026, eight members of the U.S. House of Representatives requested access to 51 potentially UAP-related records allegedly held by the Department of War and the Intelligence Community. The…",Southeastern United States,United States,,United States,,confirmed,United States,"csv, summary",,
dow-103-dow-uap-pr067-multiple-spherical-uap-uso-near-sub-callsign-2,DoW,DOW-UAP-PR,67,"DOW-UAP-PR067, ""Multiple Spherical UAP USO near Sub. [CALLSIGN] 2022/03/25 in and out of water""","On March 6, 2026, eight members of the U.S. House of Representatives requested access to 51 potentially UAP-related records allegedly held by the Department of War and the Intelligence Community. The…",N/A,,,,,no-evidence,,,,
dow-104-dow-uap-pr068-iir-1-666-s0151-23-video-footage-of-unidentifi,DoW,DOW-UAP-PR,68,"DOW-UAP-PR068, ""IIR 1 666 S0151 23/Video Footage of Unidentified Aerial Phenomenon (UAP) captured by fifth generation aircraft on 20 Jan 23""","On March 6, 2026, eight members of the U.S. House of Representatives requested access to 51 potentially UAP-related records allegedly held by the Department of War and the Intelligence Community. The…",NORTHCOM,NORTHCOM,,United States,,disagree,,"csv, summary",csv=NORTHCOM; summary=United States,
dow-105-dow-uap-pr069-f-a-18-flir-uap,DoW,DOW-UAP-PR,69,"DOW-UAP-PR069, ""F/A-18 FLIR UAP""","On March 6, 2026, eight members of the U.S. House of Representatives requested access to 51 potentially UAP-related records allegedly held by the Department of War and the Intelligence Community. The…",NORTHCOM,NORTHCOM,,United States,,disagree,,"csv, summary",csv=NORTHCOM; summary=United States,
dow-106-dow-uap-pr070-iir-1-655-s0301-23-eglin-afb-aircrew-observed,DoW,DOW-UAP-PR,70,"DOW-UAP-PR070, ""IIR 1 655 S0301 23/Eglin AFB Aircrew Observed Unidentified Aerial Phenomena (UAP) on 13 Feb 23""","On March 6, 2026, eight members of the U.S. House of Representatives requested access to 51 potentially UAP-related records allegedly held by the Department of War and the Intelligence Community. The…",Southeastern United States,United States,,United States,,confirmed,United States,"csv, summary",,
dow-107-dow-uap-pr071-usaf-ang-f-16c-callsign-callsign-shoots-down-u,DoW,DOW-UAP-PR,71,"DOW-UAP-PR071, ""USAF ANG F-16C (callsign [CALLSIGN]) Shoots Down UAP over Lake Huron with [Weapon System], 12 Feb 2023""","On March 6, 2026, eight members of the U.S. House of Representatives requested access to 51 potentially UAP-related records allegedly held by the Department of War and the Intelligence Community. The…",NORTHCOM,NORTHCOM,,United States,,disagree,,"csv, summary",csv=NORTHCOM; summary=United States,
dow-108-dow-uap-pr072-administrative-revision-iir-1777-j0032-22-kaza,DoW,DOW-UAP-PR,72,"DOW-UAP-PR072, ""ADMINISTRATIVE REVISION: IIR 1777 J0032 22 Kazakhstan - UAP in the vicinity of Karaganda International Airport""","On March 6, 2026, eight members of the U.S. House of Representatives requested access to 51 potentially UAP-related records allegedly held by the Department of War and the Intelligence Community. The…",Kazakhstan,Kazakhstan,Kazakhstan,Kazakhstan,,confirmed,Kazakhstan,"csv, summary, title",,
dow-109-dow-uap-pr073-iir-1-655-s0053-23-several-unidentified-aerial,DoW,DOW-UAP-PR,73,"DOW-UAP-PR073, IIR 1 655 S0053 23/Several Unidentified Aerial Phenomenon Encountered In The Vicinity of Columbus OH""","On March 6, 2026, eight members of the U.S. House of Representatives requested access to 51 potentially UAP-related records allegedly held by the Department of War and the Intelligence Community. The…",Midwestern United States,United States,,United States,,confirmed,United States,"csv, summary",,
dow-110-dow-uap-pr074-callsign-mission-hd-20220613,DoW,DOW-UAP-PR,74,"DOW-UAP-PR074, ""[CALLSIGN] (Mission)HD_20220613""","On March 6, 2026, eight members of the U.S. House of Representatives requested access to 51 potentially UAP-related records allegedly held by the Department of War and the Intelligence Community. The…",CENTCOM,CENTCOM,,United States,,disagree,,"csv, summary",csv=CENTCOM; summary=United States,
dow-111-dow-uap-pr075-09jun2021-platform-observed-uap-in-the-ecs,DoW,DOW-UAP-PR,75,"DOW-UAP-PR075, ""09JUN2021 [Platform] observed UAP in the ECS""","On March 6, 2026, eight members of the U.S. House of Representatives requested access to 51 potentially UAP-related records allegedly held by the Department of War and the Intelligence Community. The…",East China Sea,East China Sea,,East China Sea; China,,confirmed,East China Sea,"csv, summary",,
dow-112-dow-uap-pr076-03-january-2021-callsign-mission-observes-uap,DoW,DOW-UAP-PR,76,"DOW-UAP-PR076, ""03 January 2021 [CALLSIGN] (Mission) observes UAP""","On March 6, 2026, eight members of the U.S. House of Representatives requested access to 51 potentially UAP-related records allegedly held by the Department of War and the Intelligence Community. The…",CENTCOM,CENTCOM,,United States,,disagree,,"csv, summary",csv=CENTCOM; summary=United States,
dow-113-dow-uap-pr077-2-november-2020-callsign-callsign-observes-and,DoW,DOW-UAP-PR,77,"DOW-UAP-PR077, ""2 November 2020 [CALLSIGN] [CALLSIGN] Observes and tracks UAP 1 of 2""","On March 6, 2026, eight members of the U.S. House of Representatives requested access to 51 potentially UAP-related records allegedly held by the Department of War and the Intelligence Community. The…",CENTCOM,CENTCOM,,United States,,disagree,,"csv, summary",csv=CENTCOM; summary=United States,
dow-114-dow-uap-pr078-2-november-2020-callsign-callsign-observes-and,DoW,DOW-UAP-PR,78,"DOW-UAP-PR078, ""2 November 2020 [CALLSIGN] [CALLSIGN] Observes and tracks UAP 2 of 2""","On March 6, 2026, eight members of the U.S. House of Representatives requested access to 51 potentially UAP-related records allegedly held by the Department of War and the Intelligence Community. The…",CENTCOM,CENTCOM,,United States,,disagree,,"csv, summary",csv=CENTCOM; summary=United States,
dow-115-dow-uap-pr079-29-october-2020-callsign-mission-observes-3-fa,DoW,DOW-UAP-PR,79,"DOW-UAP-PR079, ""29 October 2020 [CALLSIGN] (Mission) observes 3 fast moving UAP's""","On March 6, 2026, eight members of the U.S. House of Representatives requested access to 51 potentially UAP-related records allegedly held by the Department of War and the Intelligence Community. The…",CENTCOM,CENTCOM,,United States,,disagree,,"csv, summary",csv=CENTCOM; summary=United States,
dow-116-dow-uap-pr080-20-october-2020-callsign-callsign-observes-uap,DoW,DOW-UAP-PR,80,"DOW-UAP-PR080, ""20 October 2020 [CALLSIGN] [CALLSIGN] Observes UAP""","On March 6, 2026, eight members of the U.S. House of Representatives requested access to 51 potentially UAP-related records allegedly held by the Department of War and the Intelligence Community. The…",CENTCOM,CENTCOM,,United States,,disagree,,"csv, summary",csv=CENTCOM; summary=United States,
dow-117-dow-uap-pr081-18-oct-2020-callsign-observes-uap,DoW,DOW-UAP-PR,81,"DOW-UAP-PR081, ""18 Oct 2020 [CALLSIGN] observes UAP""","On March 6, 2026, eight members of the U.S. House of Representatives requested access to 51 potentially UAP-related records allegedly held by the Department of War and the Intelligence Community. The…",AFRICOM,AFRICOM,,United States,,disagree,,"csv, summary",csv=AFRICOM; summary=United States,
dow-118-dow-uap-pr082-16-oct-2020-callsign-views-uap,DoW,DOW-UAP-PR,82,"DOW-UAP-PR082, ""16 OCT 2020 [CALLSIGN] views UAP""","On March 6, 2026, eight members of the U.S. House of Representatives requested access to 51 potentially UAP-related records allegedly held by the Department of War and the Intelligence Community. The…",AFRICOM,AFRICOM,,United States,,disagree,,"csv, summary",csv=AFRICOM; summary=United States,
dow-119-dow-uap-pr083-7-october-2020-callsign-observes-uap,DoW,DOW-UAP-PR,83,"DOW-UAP-PR083, ""7 October 2020 [CALLSIGN] observes UAP""","On March 6, 2026, eight members of the U.S. House of Representatives requested access to 51 potentially UAP-related records allegedly held by the Department of War and the Intelligence Community. The…",CENTCOM,CENTCOM,,United States,,disagree,,"csv, summary",csv=CENTCOM; summary=United States,
dow-120-dow-uap-pr084-17-sept-2020-callsign-observes-uap,DoW,DOW-UAP-PR,84,"DOW-UAP-PR084, ""17 Sept 2020 [CALLSIGN] observes UAP""","On March 6, 2026, eight members of the U.S. House of Representatives requested access to 51 potentially UAP-related records allegedly held by the Department of War and the Intelligence Community. The…",CENTCOM,CENTCOM,,United States,,disagree,,"csv, summary",csv=CENTCOM; summary=United States,
dow-121-dow-uap-pr085-16-sept-2020-callsign-callsign-observes-uap,DoW,DOW-UAP-PR,85,"DOW-UAP-PR085, ""16 Sept 2020 [CALLSIGN] [CALLSIGN] observes UAP""","On March 6, 2026, eight members of the U.S. House of Representatives requested access to 51 potentially UAP-related records allegedly held by the Department of War and the Intelligence Community. The…",CENTCOM,CENTCOM,,United States,,disagree,,"csv, summary",csv=CENTCOM; summary=United States,
dow-122-dow-uap-pr086-uap-from-dec-2019-east-coast,DoW,DOW-UAP-PR,86,"DOW-UAP-PR086, ""UAP from Dec 2019 (East Coast)""","On March 6, 2026, eight members of the U.S. House of Representatives requested access to 51 potentially UAP-related records allegedly held by the Department of War and the Intelligence Community. The…",NORTHCOM,NORTHCOM,,United States,,disagree,,"csv, summary",csv=NORTHCOM; summary=United States,
dow-123-dow-uap-pr087-05-september-2020-callsign-uap,DoW,DOW-UAP-PR,87,"DOW-UAP-PR087, ""05 September 2020 [CALLSIGN] UAP""","On March 6, 2026, eight members of the U.S. House of Representatives requested access to 51 potentially UAP-related records allegedly held by the Department of War and the Intelligence Community. The…",CENTCOM,CENTCOM,,United States,,disagree,,"csv, summary",csv=CENTCOM; summary=United States,
dow-124-dow-uap-pr088-31-aug-callsign-callsign-observes-uap,DoW,DOW-UAP-PR,88,"DOW-UAP-PR088, ""31 AUG [CALLSIGN] [CALLSIGN] Observes UAP""","On March 6, 2026, eight members of the U.S. House of Representatives requested access to 51 potentially UAP-related records allegedly held by the Department of War and the Intelligence Community. The…",CENTCOM,CENTCOM,,United States,,disagree,,"csv, summary",csv=CENTCOM; summary=United States,
dow-125-dow-uap-pr089-31-aug-callsign-callsign-observes-uap-part2,DoW,DOW-UAP-PR,89,"DOW-UAP-PR089, ""31 AUG [CALLSIGN] [CALLSIGN] Observes UAP part2""","On March 6, 2026, eight members of the U.S. House of Representatives requested access to 51 potentially UAP-related records allegedly held by the Department of War and the Intelligence Community. The…",CENTCOM,CENTCOM,,United States,,disagree,,"csv, summary",csv=CENTCOM; summary=United States,
dow-126-dow-uap-pr090-24-aug-2020-callsign-mission-observes-uap,DoW,DOW-UAP-PR,90,"DOW-UAP-PR090, ""24 AUG 2020 [CALLSIGN] (Mission) Observes UAP""","On March 6, 2026, eight members of the U.S. House of Representatives requested access to 51 potentially UAP-related records allegedly held by the Department of War and the Intelligence Community. The…",CENTCOM,CENTCOM,,United States,,disagree,,"csv, summary",csv=CENTCOM; summary=United States,
dow-127-dow-uap-pr091-21-aug-callsign-observes-uap-in-persian-gulf,DoW,DOW-UAP-PR,91,"DOW-UAP-PR091, ""21 AUG [CALLSIGN] Observes UAP in Persian Gulf""","On March 6, 2026, eight members of the U.S. House of Representatives requested access to 51 potentially UAP-related records allegedly held by the Department of War and the Intelligence Community. The…",CENTCOM,CENTCOM,Persian Gulf,Persian Gulf; United States,,confirmed,Persian Gulf,"csv, summary, title",,
dow-128-dow-uap-pr092-08-aug-2020-callsign-callsign-uap-observation,DoW,DOW-UAP-PR,92,"DOW-UAP-PR092, ""08 AUG 2020 [CALLSIGN] [CALLSIGN] UAP observation""","On March 6, 2026, eight members of the U.S. House of Representatives requested access to 51 potentially UAP-related records allegedly held by the Department of War and the Intelligence Community. The…",CENTCOM,CENTCOM,,United States,,disagree,,"csv, summary",csv=CENTCOM; summary=United States,
dow-129-dow-uap-pr093-may-05-2020-gulf-of-arabia-callsign-platform-d,DoW,DOW-UAP-PR,93,"DOW-UAP-PR093, ""May 05 2020 Gulf of Arabia [CALLSIGN] (Platform) Dual UAP""","On March 6, 2026, eight members of the U.S. House of Representatives requested access to 51 potentially UAP-related records allegedly held by the Department of War and the Intelligence Community. The…",CENTCOM,CENTCOM,,United States,,disagree,,"csv, summary",csv=CENTCOM; summary=United States,
dow-130-dow-uap-pr094-callsign-mission-hd-2020-02-13,DoW,DOW-UAP-PR,94,"DOW-UAP-PR094, ""[CALLSIGN] (Mission) - HD 2020-02-13""","46. DOW-UAP-PR094, “[CALLSIGN] (Mission) - HD 2020-02-13” On March 6, 2026, eight members of the U.S. House of Representatives requested access to 51 potentially UAP-related records allegedly held by…",CENTCOM,CENTCOM,,United States,,disagree,,"csv, summary",csv=CENTCOM; summary=United States,
dow-131-dow-uap-pr095-may-05-2020-gulf-of-arabia-callsign-platform-d,DoW,DOW-UAP-PR,95,"DOW-UAP-PR095, ""May 05 2020 Gulf of Arabia [CALLSIGN] (Platform) Dual UAP""","On March 6, 2026, eight members of the U.S. House of Representatives requested access to 51 potentially UAP-related records allegedly held by the Department of War and the Intelligence Community. The…",CENTCOM,CENTCOM,,United States,,disagree,,"csv, summary",csv=CENTCOM; summary=United States,
dow-132-dow-uap-pr096-hh11-03-july-2018-uaps,DoW,DOW-UAP-PR,96,"DOW-UAP-PR096, ""HH11 03 July 2018 UAPs""","On March 6, 2026, eight members of the U.S. House of Representatives requested access to 51 potentially UAP-related records allegedly held by the Department of War and the Intelligence Community. The…",CENTCOM,CENTCOM,,United States,,disagree,,"csv, summary",csv=CENTCOM; summary=United States,
dow-133-dow-uap-pr097-hi-res-callsign-observes-uap-on-25sep19-at-213,DoW,DOW-UAP-PR,97,"DOW-UAP-PR097, ""Hi-Res: [CALLSIGN] Observes UAP on 25SEP19 at 2135Z""","On March 6, 2026, eight members of the U.S. House of Representatives requested access to 51 potentially UAP-related records allegedly held by the Department of War and the Intelligence Community. The…",CENTCOM,CENTCOM,,United States,,disagree,,"csv, summary",csv=CENTCOM; summary=United States,
dow-134-dow-uap-pr098-ufos-in-formation-over-persian-gulf,DoW,DOW-UAP-PR,98,"DOW-UAP-PR098, ""UFOs in formation over Persian Gulf?""","On March 6, 2026, eight members of the U.S. House of Representatives requested access to 51 potentially UAP-related records allegedly held by the Department of War and the Intelligence Community. The…",CENTCOM,CENTCOM,Persian Gulf,Persian Gulf; United States,,confirmed,Persian Gulf,"csv, summary, title",,
dow-135-dow-uap-pr099-hi-res-callsign-observes-uap-on-25sep19-at-171,DoW,DOW-UAP-PR,99,"DOW-UAP-PR099, ""Hi-Res: [CALLSIGN] Observes UAP on 25SEP19 at 1715Z""","On March 6, 2026, eight members of the U.S. House of Representatives requested access to 51 potentially UAP-related records allegedly held by the Department of War and the Intelligence Community. The…",CENTCOM,CENTCOM,,United States,,disagree,,"csv, summary",csv=CENTCOM; summary=United States,
fbi-001-65-hs1-834228961-62-hq-83894-section-10,FBI,FBI-Section,10,65_HS1-834228961_62-HQ-83894_Section_10,"The FBI's 62-HQ-83894 case file includes investigative records, eyewitness testimonies, and public reports concerning Unidentified Flying Objects and flying discs documented between June 1947 and Jul…",N/A,,,"Oak Ridge, TN",Arizona; California; Nevada; Vietnam; United States; China; United Kingdom; Washington (state),confirmed,"Oak Ridge, TN","body, summary",,
fbi-002-65-hs1-834228961-62-hq-83894-section-2,FBI,FBI-Section,2,65_HS1-834228961_62-HQ-83894_Section_2,"The FBI's 62-HQ-83894 case file includes investigative records, eyewitness testimonies, and public reports concerning Unidentified Flying Objects and flying discs documented between June 1947 and Jul…",N/A,,,"Oak Ridge, TN","California; Arizona; Florida; United States; Detroit, MI; New York; Utica, NY; Washington (state)",confirmed,"Oak Ridge, TN","body, summary",,
fbi-003-65-hs1-834228961-62-hq-83894-section-3,FBI,FBI-Section,3,65_HS1-834228961_62-HQ-83894_Section_3,"The FBI's 62-HQ-83894 case file includes investigative records, eyewitness testimonies, and public reports concerning Unidentified Flying Objects and flying discs documented between June 1947 and Jul…",N/A,,,"Oak Ridge, TN",California; Washington (state); Florida; Moon; Pacific Ocean; New Mexico; Mexico; United States,confirmed,"Oak Ridge, TN","body, summary",,
fbi-004-65-hs1-834228961-62-hq-83894-section-4,FBI,FBI-Section,4,65_HS1-834228961_62-HQ-83894_Section_4,"The FBI's 62-HQ-83894 case file includes investigative records, eyewitness testimonies, and public reports concerning Unidentified Flying Objects and flying discs documented between June 1947 and Jul…",N/A,,,"Oak Ridge, TN",United States; New York; Spain; Washington (state); California; Georgia (country); Wright-Patterson AFB; Arizona,confirmed,"Oak Ridge, TN","body, summary",,
fbi-005-65-hs1-834228961-62-hq-83894-section-5,FBI,FBI-Section,5,65_HS1-834228961_62-HQ-83894_Section_5,"The FBI's 62-HQ-83894 case file includes investigative records, eyewitness testimonies, and public reports concerning Unidentified Flying Objects and flying discs documented between June 1947 and Jul…",N/A,,,"Oak Ridge, TN",Texas; New York; United States; California; Washington (state); New Mexico; Mexico; United Arab Emirates,confirmed,"Oak Ridge, TN","body, summary",,
fbi-006-65-hs1-834228961-62-hq-83894-section-6,FBI,FBI-Section,6,65_HS1-834228961_62-HQ-83894_Section_6,"The FBI's 62-HQ-83894 case file includes investigative records, eyewitness testimonies, and public reports concerning Unidentified Flying Objects and flying discs documented between June 1947 and Jul…",N/A,,,"Oak Ridge, TN",United States; New Mexico; Mexico; Canada; Washington (state); California; Korea; Low Earth Orbit,confirmed,"Oak Ridge, TN","body, summary",,
fbi-007-65-hs1-834228961-62-hq-83894-section-7,FBI,FBI-Section,7,65_HS1-834228961_62-HQ-83894_Section_7,"The FBI's 62-HQ-83894 case file includes investigative records, eyewitness testimonies, and public reports concerning Unidentified Flying Objects and flying discs documented between June 1947 and Jul…",N/A,,,"Oak Ridge, TN",United States; Washington (state); New Mexico; New York; Germany; California; Pacific Ocean; Florida,confirmed,"Oak Ridge, TN","body, summary",,
fbi-008-65-hs1-834228961-62-hq-83894-section-9,FBI,FBI-Section,9,65_HS1-834228961_62-HQ-83894_Section_9,"The FBI's 62-HQ-83894 case file includes investigative records, eyewitness testimonies, and public reports concerning Unidentified Flying Objects and flying discs documented between June 1947 and Jul…",N/A,,,"Oak Ridge, TN",United States; Moon; Georgia (country); Florida; Mexico; Wright-Patterson AFB; California; Canada,confirmed,"Oak Ridge, TN","body, summary",,
fbi-009-65-hs1-834228961-62-hq-83894-serial-130,FBI,FBI-Serial,130,65_HS1-834228961_62-HQ-83894_Serial_130,"The FBI's 62-HQ-83894 case file includes investigative records, eyewitness testimonies, and public reports concerning Unidentified Flying Objects and flying discs documented between June 1947 and Jul…",N/A,,,"Oak Ridge, TN",New York; Florida; Atlantic Ocean; California; United States; Western United States; Washington (state); Texas,confirmed,"Oak Ridge, TN","body, summary",,
fbi-010-65-hs1-834228961-62-hq-83894-serial-153,FBI,FBI-Serial,153,65_HS1-834228961_62-HQ-83894_Serial_153,"The FBI's 62-HQ-83894 case file includes investigative records, eyewitness testimonies, and public reports concerning Unidentified Flying Objects and flying discs documented between June 1947 and Jul…",N/A,,,"Oak Ridge, TN","Oak Ridge, TN; Tennessee",confirmed,"Oak Ridge, TN","body, summary",,
fbi-011-65-hs1-834228961-62-hq-83894-serial-164,FBI,FBI-Serial,164,65_HS1-834228961_62-HQ-83894_Serial_164,"The FBI's 62-HQ-83894 case file includes investigative records, eyewitness testimonies, and public reports concerning Unidentified Flying Objects and flying discs documented between June 1947 and Jul…",N/A,,,"Oak Ridge, TN",United States; Washington (state); Wright-Patterson AFB,confirmed,"Oak Ridge, TN","body, summary",,
fbi-012-65-hs1-834228961-62-hq-83894-serial-220,FBI,FBI-Serial,220,65_HS1-834228961_62-HQ-83894_Serial_220,"The FBI's 62-HQ-83894 case file includes investigative records, eyewitness testimonies, and public reports concerning Unidentified Flying Objects and flying discs documented between June 1947 and Jul…",N/A,,,"Oak Ridge, TN",United States; North America; New York; Mexico; California,confirmed,"Oak Ridge, TN","body, summary",,
fbi-013-65-hs1-834228961-62-hq-83894-serial-403,FBI,FBI-Serial,403,65_HS1-834228961_62-HQ-83894_Serial_403,"The FBI's 62-HQ-83894 case file includes investigative records, eyewitness testimonies, and public reports concerning Unidentified Flying Objects and flying discs documented between June 1947 and Jul…",N/A,,,"Oak Ridge, TN",New York,disagree,,"body, summary","body=New York; summary=Oak Ridge, TN",
fbi-014-65-hs1-834228961-62-hq-83894-serial-438,FBI,FBI-Serial,438,65_HS1-834228961_62-HQ-83894_Serial_438,"The FBI's 62-HQ-83894 case file includes investigative records, eyewitness testimonies, and public reports concerning Unidentified Flying Objects and flying discs documented between June 1947 and Jul…",N/A,,,"Oak Ridge, TN",New Mexico; Mexico; Jordan,disagree,,"body, summary","body=Jordan; body=Mexico; body=New Mexico; summary=Oak Ridge, TN",
fbi-015-65-hs1-834228961-62-hq-83894-serial-449,FBI,FBI-Serial,449,65_HS1-834228961_62-HQ-83894_Serial_449,"The FBI's 62-HQ-83894 case file includes investigative records, eyewitness testimonies, and public reports concerning Unidentified Flying Objects and flying discs documented between June 1947 and Jul…",N/A,,,"Oak Ridge, TN",California; Vietnam; United States; China; United Kingdom; Washington (state); Mexico; Nevada,confirmed,"Oak Ridge, TN","body, summary",,
fbi-016-65-hs1-834228961-62-hq-83894-sub-a,FBI,,,65_HS1-834228961_62-HQ-83894_SUB_A,"The FBI's 62-HQ-83894 case file includes investigative records, eyewitness testimonies, and public reports concerning Unidentified Flying Objects and flying discs documented between June 1947 and Jul…",N/A,,,"Oak Ridge, TN",Washington (state); Moon; New York; Wright-Patterson AFB; New Mexico; United Arab Emirates; Mexico; United States,confirmed,"Oak Ridge, TN","body, summary",,
fbi-017-65-hs1-101634279-100-de-18221-serial-844,FBI,,,65_HS1-101634279_100-DE-18221_Serial_844,"An FBI memo from 1958 reporting a UFO sighting by a Detroit man who described a ""circular object with a crystal-type dome,"" and recommending that the information be forwarded to ""proper air force aut…","Detroit, MI","Detroit, MI",,"Detroit, MI","United States; Detroit, MI",confirmed,"Detroit, MI","body, csv, summary",,
fbi-018-65-hs1-101634279-100-de-26505,FBI,,,65_HS1-101634279_100-DE-26505,"An FBI report from 1957 detailing the interview with Wladyslaw Krasuski, who recounted seeing a large, circular, vertically-rising vehicle in 1944 Germany near a German military compound.",Germany,Germany,,Germany,"California; Detroit, MI; Texas; Poland; Germany; United States; New York; Wright-Patterson AFB",confirmed,Germany,"body, csv, summary",,
fbi-019-65-hs1-834228961-62-hq-83894-section-1,FBI,FBI-Section,1,65_HS1-834228961_62-HQ-83894_Section_1,"The FBI's 62-HQ-83894 case file includes investigative records, eyewitness testimonies, and public reports concerning Unidentified Flying Objects and flying discs documented between June 1947 and Jul…",N/A,,,"Oak Ridge, TN",Pacific Ocean; Arizona; California; New York; Washington (state); United States; Texas; Russia,confirmed,"Oak Ridge, TN","body, summary",,
fbi-020-65-hs1-834228961-62-hq-83894-section-8,FBI,FBI-Section,8,65_HS1-834228961_62-HQ-83894_Section_8,"The FBI's 62-HQ-83894 case file includes investigative records, eyewitness testimonies, and public reports concerning Unidentified Flying Objects and flying discs documented between June 1947 and Jul…",N/A,,,"Oak Ridge, TN",United Kingdom; New York; California; Nevada; Wright-Patterson AFB; Washington (state); United States; Pacific Ocean,confirmed,"Oak Ridge, TN","body, summary",,
fbi-021-fbi-photo-a1,FBI,,,FBI Photo A1,The Federal Bureau of Investigation (FBI) submitted a report of an unidentified anomalous phenomenon (UAP) to the All-domain Anomaly Resolution Office (AARO) consisting of a still image derived from …,N/A,,,,,no-evidence,,,,
fbi-022-fbi-photo-a2,FBI,,,FBI Photo A2,The Federal Bureau of Investigation (FBI) submitted a report of an unidentified anomalous phenomenon (UAP) to the All-domain Anomaly Resolution Office (AARO) consisting of a still image derived from …,N/A,,,,,no-evidence,,,,
fbi-023-fbi-photo-a3,FBI,,,FBI Photo A3,The Federal Bureau of Investigation (FBI) submitted a report of an unidentified anomalous phenomenon (UAP) to the All-domain Anomaly Resolution Office (AARO) consisting of a still image derived from …,N/A,,,,,no-evidence,,,,
fbi-024-fbi-photo-a4,FBI,,,FBI Photo A4,The Federal Bureau of Investigation (FBI) submitted a report of an unidentified anomalous phenomenon (UAP) to the All-domain Anomaly Resolution Office (AARO) consisting of a still image derived from …,N/A,,,,,no-evidence,,,,
fbi-025-fbi-photo-a5,FBI,,,FBI Photo A5,The Federal Bureau of Investigation (FBI) submitted a report of an unidentified anomalous phenomenon (UAP) to the All-domain Anomaly Resolution Office (AARO) consisting of a still image derived from …,N/A,,,,,no-evidence,,,,
fbi-026-fbi-photo-a6,FBI,,,FBI Photo A6,The Federal Bureau of Investigation (FBI) submitted a report of an unidentified anomalous phenomenon (UAP) to the All-domain Anomaly Resolution Office (AARO) consisting of a still image derived from …,N/A,,,,,no-evidence,,,,
fbi-027-fbi-photo-a7,FBI,,,FBI Photo A7,The Federal Bureau of Investigation (FBI) submitted a report of an unidentified anomalous phenomenon (UAP) to the All-domain Anomaly Resolution Office (AARO) consisting of a still image derived from …,N/A,,,,,no-evidence,,,,
fbi-028-fbi-photo-a8,FBI,,,FBI Photo A8,The Federal Bureau of Investigation (FBI) submitted a report of an unidentified anomalous phenomenon (UAP) to the All-domain Anomaly Resolution Office (AARO) consisting of a still image derived from …,N/A,,,,,no-evidence,,,,
fbi-029-fbi-photo-b1,FBI,,,FBI Photo B1,The Federal Bureau of Investigation (FBI) submitted a report of an unidentified anomalous phenomenon (UAP) to the All-domain Anomaly Resolution Office (AARO) consisting of a still image derived from …,Western United States,Western United States,,,,single-source,Western United States,csv,,
fbi-030-fbi-photo-b10,FBI,,,FBI Photo B10,The Federal Bureau of Investigation (FBI) submitted a report of an unidentified anomalous phenomenon (UAP) to the All-domain Anomaly Resolution Office (AARO) consisting of a still image derived from …,Western United States,Western United States,,,,single-source,Western United States,csv,,
fbi-031-fbi-photo-b11,FBI,,,FBI Photo B11,The Federal Bureau of Investigation (FBI) submitted a report of an unidentified anomalous phenomenon (UAP) to the All-domain Anomaly Resolution Office (AARO) consisting of a still image derived from …,Western United States,Western United States,,,,single-source,Western United States,csv,,
fbi-032-fbi-photo-b12,FBI,,,FBI Photo B12,The Federal Bureau of Investigation (FBI) submitted a report of an unidentified anomalous phenomenon (UAP) to the All-domain Anomaly Resolution Office (AARO) consisting of a still image derived from …,Western United States,Western United States,,,,single-source,Western United States,csv,,
fbi-033-fbi-photo-b13,FBI,,,FBI Photo B13,The Federal Bureau of Investigation (FBI) submitted a report of an unidentified anomalous phenomenon (UAP) to the All-domain Anomaly Resolution Office (AARO) consisting of a still image derived from …,Western United States,Western United States,,,,single-source,Western United States,csv,,
fbi-034-fbi-photo-b14,FBI,,,FBI Photo B14,The Federal Bureau of Investigation (FBI) submitted a report of an unidentified anomalous phenomenon (UAP) to the All-domain Anomaly Resolution Office (AARO) consisting of a still image derived from …,Western United States,Western United States,,,,single-source,Western United States,csv,,
fbi-035-fbi-photo-b15,FBI,,,FBI Photo B15,The Federal Bureau of Investigation (FBI) submitted a report of an unidentified anomalous phenomenon (UAP) to the All-domain Anomaly Resolution Office (AARO) consisting of a still image derived from …,Western United States,Western United States,,,,single-source,Western United States,csv,,
fbi-036-fbi-photo-b16,FBI,,,FBI Photo B16,The Federal Bureau of Investigation (FBI) submitted a report of an unidentified anomalous phenomenon (UAP) to the All-domain Anomaly Resolution Office (AARO) consisting of a still image derived from …,Western United States,Western United States,,,,single-source,Western United States,csv,,
fbi-037-fbi-photo-b17,FBI,,,FBI Photo B17,The Federal Bureau of Investigation (FBI) submitted a report of an unidentified anomalous phenomenon (UAP) to the All-domain Anomaly Resolution Office (AARO) consisting of a still image derived from …,Western United States,Western United States,,,,single-source,Western United States,csv,,
fbi-038-fbi-photo-b18,FBI,,,FBI Photo B18,The Federal Bureau of Investigation (FBI) submitted a report of an unidentified anomalous phenomenon (UAP) to the All-domain Anomaly Resolution Office (AARO) consisting of a still image derived from …,Western United States,Western United States,,,,single-source,Western United States,csv,,
fbi-039-fbi-photo-b19,FBI,,,FBI Photo B19,The Federal Bureau of Investigation (FBI) submitted a report of an unidentified anomalous phenomenon (UAP) to the All-domain Anomaly Resolution Office (AARO) consisting of a still image derived from …,Western United States,Western United States,,,,single-source,Western United States,csv,,
fbi-040-fbi-photo-b2,FBI,,,FBI Photo B2,The Federal Bureau of Investigation (FBI) submitted a report of an unidentified anomalous phenomenon (UAP) to the All-domain Anomaly Resolution Office (AARO) consisting of a still image derived from …,Western United States,Western United States,,,,single-source,Western United States,csv,,
fbi-041-fbi-photo-b20,FBI,,,FBI Photo B20,The Federal Bureau of Investigation (FBI) submitted a report of an unidentified anomalous phenomenon (UAP) to the All-domain Anomaly Resolution Office (AARO) consisting of a still image derived from …,Western United States,Western United States,,,,single-source,Western United States,csv,,
fbi-042-fbi-photo-b21,FBI,,,FBI Photo B21,The Federal Bureau of Investigation (FBI) submitted a report of an unidentified anomalous phenomenon (UAP) to the All-domain Anomaly Resolution Office (AARO) consisting of a still image derived from …,Western United States,Western United States,,,,single-source,Western United States,csv,,
fbi-043-fbi-photo-b22,FBI,,,FBI Photo B22,The Federal Bureau of Investigation (FBI) submitted a report of an unidentified anomalous phenomenon (UAP) to the All-domain Anomaly Resolution Office (AARO) consisting of a still image derived from …,Western United States,Western United States,,,,single-source,Western United States,csv,,
fbi-044-fbi-photo-b23,FBI,,,FBI Photo B23,The Federal Bureau of Investigation (FBI) submitted a report of an unidentified anomalous phenomenon (UAP) to the All-domain Anomaly Resolution Office (AARO) consisting of a still image derived from …,Western United States,Western United States,,,,single-source,Western United States,csv,,
fbi-045-fbi-photo-b24,FBI,,,FBI Photo B24,The Federal Bureau of Investigation (FBI) submitted a report of an unidentified anomalous phenomenon (UAP) to the All-domain Anomaly Resolution Office (AARO) consisting of a still image derived from …,Western United States,Western United States,,,,single-source,Western United States,csv,,
fbi-046-fbi-photo-b3,FBI,,,FBI Photo B3,The Federal Bureau of Investigation (FBI) submitted a report of an unidentified anomalous phenomenon (UAP) to the All-domain Anomaly Resolution Office (AARO) consisting of a still image derived from …,Western United States,Western United States,,,,single-source,Western United States,csv,,
fbi-047-fbi-photo-b4,FBI,,,FBI Photo B4,The Federal Bureau of Investigation (FBI) submitted a report of an unidentified anomalous phenomenon (UAP) to the All-domain Anomaly Resolution Office (AARO) consisting of a still image derived from …,Western United States,Western United States,,,,single-source,Western United States,csv,,
fbi-048-fbi-photo-b5,FBI,,,FBI Photo B5,The Federal Bureau of Investigation (FBI) submitted a report of an unidentified anomalous phenomenon (UAP) to the All-domain Anomaly Resolution Office (AARO) consisting of a still image derived from …,Western United States,Western United States,,,,single-source,Western United States,csv,,
fbi-049-fbi-photo-b6,FBI,,,FBI Photo B6,The Federal Bureau of Investigation (FBI) submitted a report of an unidentified anomalous phenomenon (UAP) to the All-domain Anomaly Resolution Office (AARO) consisting of a still image derived from …,Western United States,Western United States,,,,single-source,Western United States,csv,,
fbi-050-fbi-photo-b7,FBI,,,FBI Photo B7,The Federal Bureau of Investigation (FBI) submitted a report of an unidentified anomalous phenomenon (UAP) to the All-domain Anomaly Resolution Office (AARO) consisting of a still image derived from …,Western United States,Western United States,,,,single-source,Western United States,csv,,
fbi-051-fbi-photo-b8,FBI,,,FBI Photo B8,The Federal Bureau of Investigation (FBI) submitted a report of an unidentified anomalous phenomenon (UAP) to the All-domain Anomaly Resolution Office (AARO) consisting of a still image derived from …,Western United States,Western United States,,,,single-source,Western United States,csv,,
fbi-052-fbi-photo-b9,FBI,,,FBI Photo B9,The Federal Bureau of Investigation (FBI) submitted a report of an unidentified anomalous phenomenon (UAP) to the All-domain Anomaly Resolution Office (AARO) consisting of a still image derived from …,Western United States,Western United States,,,,single-source,Western United States,csv,,
fbi-053-usper-statement-about-uap-sighting,FBI,,,USPER Statement about UAP Sighting,This is an FBI 302 interview conducted with a senior US intelligence official regarding his first-hand account of a UAP encounter at a US military facility. USPER relayed to FBI agents that he and ot…,United States,United States,,,,single-source,United States,csv,,
fbi-054-fbi-september-2023-sighting-composite-sketch,FBI,,,FBI September 2023 Sighting - Composite Sketch,Actual site photo with FBI Lab rendered graphic overlay depicting corroborating eyewitness reports from September 2023 of an apparent ellipsoid bronze metallic object materializing out of a bright li…,United States,United States,,,,single-source,United States,csv,,
fbi-055-fbi-september-2023-sighting-serial-3,FBI,,,FBI September 2023 Sighting - Serial 3,"This is an FBI 302 interview conducted with a US citizen regarding their first-hand account of a UAP encounter at a US test site. USPER described an object ""metallic bronze in color.""",United States,United States,,,,single-source,United States,csv,,
fbi-056-fbi-september-2023-sighting-serial-4,FBI,,,FBI September 2023 Sighting - Serial 4,"This is an FBI 302 interview conducted with a US citizen regarding their first-hand account of a UAP encounter at a US test site. USPER described an object ""metallic/gray in color.""",United States,United States,,,United States,confirmed,United States,"body, csv",,
fbi-057-fbi-september-2023-sighting-serial-5,FBI,,,FBI September 2023 Sighting - Serial 5,"This is an FBI 302 interview conducted with a US citizen regarding their first-hand account of a UAP encounter at a US test site. USPER described a ""bright light over the horizon.""",United States,United States,,,,single-source,United States,csv,,
nasa-001-255-413270-ufo-s-and-defense-what-should-we-prepare-for,NASA,,,255_413270_UFO's_and_Defense_What_Should_we_Prepare_For,"This file contains an independent report on UFOs written by the French association COMETA (previously published in the French magazine VDS in 1999), which details the results of a study by the Instit…",N/A,,,,California; France; United Kingdom; United States; Mexico; Texas; Moon; Russia,single-source,California,body,,
nasa-002-nasa-uap-d3-gemini-7-transcript-1965,NASA,NASA-UAP-D,3,"NASA-UAP-D3, Gemini 7 Transcript, 1965","Gemini 7 was the tenth crewed American spaceflight. This document is a transcript of communications between the flight crew, Astronauts James “Jim” Lovell and Frank Borman, and the Manned Flight Cent…",Low Earth Orbit,Low Earth Orbit,,Texas,,disagree,,"csv, summary",csv=Low Earth Orbit; summary=Texas,
nasa-003-nasa-uap-d3a-gemini-7-audio-excerpt-1965,NASA,NASA-UAP-D,3,"NASA-UAP-D003A, Gemini 7 Audio Excerpt, 1965","This audio recording contains air to ground communications and the NASA Public Affairs audio feed with commentary, recorded during the flight of the Gemini 7 mission. In this excerpted segment of aud…",Low Earth Orbit,Low Earth Orbit,,,Low Earth Orbit,confirmed,Low Earth Orbit,"body, csv",,
nasa-004-nasa-uap-d1-apollo-12-transcript-1969,NASA,NASA-UAP-D,1,"NASA-UAP-D1, Apollo 12 Transcript, 1969",Apollo 12 was the fourth crewed U.S. mission to the Moon and the second to land astronauts on the lunar surface. This document is an excerpt from the Apollo 12 Technical Air-to-Ground Voice Transcrip…,Moon,Moon,,Moon,Moon,confirmed,Moon,"body, csv, summary",,
nasa-005-nasa-uap-d2-apollo-17-transcript-1972,NASA,NASA-UAP-D,2,"NASA-UAP-D2, Apollo 17 Transcript, 1972","Apollo 17 was the ninth crewed U.S. mission to the Moon, and the sixth to land astronauts on the lunar surface. This document is an excerpt from the Apollo 17 Technical Air-to-Ground Voice Transcript…",Moon,Moon,,Moon,Japan; Vietnam; Australia; Moon,confirmed,Moon,"body, csv, summary",,
nasa-006-nasa-uap-d4-apollo-11-technical-crew-debriefing-1969,NASA,NASA-UAP-D,4,"NASA-UAP-D4, Apollo 11 Technical Crew Debriefing, 1969",Apollo 11 was the third crewed mission to the Moon and the first to land Astronauts on the lunar surface. This document is an excerpt from the Apollo 11 Technical Crew Debriefing (Volumes 1 and 2) fr…,N/A,,,Moon,United States; Moon,confirmed,Moon,"body, summary",,
nasa-007-nasa-uap-d5-apollo-17-crew-debriefing-for-science-1973,NASA,NASA-UAP-D,5,"NASA-UAP-D5, Apollo 17 Crew Debriefing for Science, 1973","Apollo 17 was the ninth crewed U.S. mission to the Moon, and the sixth to land Astronauts on the lunar surface. This document is an excerpt from the Apollo 17 Crew Debriefing for Science on January 8…",N/A,,,Moon,Texas,disagree,,"body, summary",body=Texas; summary=Moon,
nasa-008-nasa-uap-d6-apollo-17-technical-crew-debriefing-1973,NASA,NASA-UAP-D,6,"NASA-UAP-D6, Apollo 17 Technical Crew Debriefing, 1973","Apollo 17 was the ninth crewed U.S. mission to the Moon, and the sixth to land Astronauts on the lunar surface. This document is an excerpt from the Apollo 17 Technical Crew Debriefing on January 4, …",N/A,,,Moon,Texas; Moon,confirmed,Moon,"body, summary",,
nasa-009-nasa-uap-d7-skylab-techincal-crew-debriefing-1973,NASA,NASA-UAP-D,7,"NASA-UAP-D7, Skylab Techincal Crew Debriefing 1973","Launched on May 14, 1973, Skylab was the United States’ first laboratory in space. From 1973 to 1974, the station was visited by three crews. This document contains excerpts from all three crews to v…",N/A,,,United States,Texas; Atlantic Ocean,confirmed,Texas,"body, summary",,
nasa-010-nasa-uap-vm1-apollo-12-1969,NASA,,,"NASA-UAP-VM1, Apollo 12, 1969",This archival photograph depicts the lunar surface as viewed from the landing site of Apollo 12. This image features a highlighted area of interest slightly to the right of the vertical axis of the f…,Moon,Moon,,Moon,,confirmed,Moon,"csv, summary",,
nasa-011-nasa-uap-vm2-apollo-12-1969,NASA,,,"NASA-UAP-VM2, Apollo 12, 1969","This archival photograph depicts the lunar surface as viewed from the landing site of Apollo 12. This image features two highlighted areas of interest, labeled “Area 1” and “Area 2,” slightly to the …",Moon,Moon,,Moon,,confirmed,Moon,"csv, summary",,
nasa-012-nasa-uap-vm3-apollo-12-1969,NASA,,,"NASA-UAP-VM3, Apollo 12, 1969","This archival photograph depicts the lunar surface as viewed from the landing site of Apollo 12. This image features a highlighted area of interest near the right edge of the frame, above the horizon…",Moon,Moon,,Moon,,confirmed,Moon,"csv, summary",,
nasa-013-nasa-uap-vm4-apollo-12-1969,NASA,,,"NASA-UAP-VM4, Apollo 12, 1969",This archival photograph depicts the lunar surface as viewed from the landing site of Apollo 12. This image features a highlighted area of interest slightly to the left of the vertical axis of the fr…,Moon,Moon,,Moon,,confirmed,Moon,"csv, summary",,
nasa-014-nasa-uap-vm5-apollo-12-1969,NASA,,,"NASA-UAP-VM5, Apollo 12, 1969","This archival photograph depicts the lunar surface as viewed from the landing site of Apollo 12. This image features five highlighted areas of interest, labeled “Area 1” through “Area 5,” above the h…",Moon,Moon,,Moon,,confirmed,Moon,"csv, summary",,
nasa-015-nasa-uap-vm6-apollo-17-1972,NASA,,,"NASA-UAP-VM6, Apollo 17, 1972","As part of the review of historical UAP materials under PURSUE, DOW has opened a case to investigate the accompanying NASA photograph from the Apollo 17 mission, taken December 1972. The image contai…",Moon,Moon,,Moon,,confirmed,Moon,"csv, summary",,
nasa-016-nasa-uap-d008-apollo-12-medical-debriefing-tape-12-1969,NASA,NASA-UAP-D,8,"NASA-UAP-D008, Apollo 12 Medical Debriefing - Tape 12, 1969","During a medical debriefing of the crew of the Apollo 12 mission, Commander Charles “Pete” Conrad, Command Module Pilot Richard “Dick” F. Gordon, and Lunar Module Pilot Alan L. Bean describe their ob…",Texas,Texas,,Moon,,disagree,,"csv, summary",csv=Texas; summary=Moon,
nasa-017-nasa-uap-d009-apollo-17-audio-excerpt-december-7-1972,NASA,NASA-UAP-D,9,"NASA-UAP-D009, Apollo 17 Audio Excerpt, December 7, 1972","During the eleventh and final crewed mission in the Apollo program, Apollo 17 Commander Gene Cernan, Lunar Module Pilot Harrison Schmitt, and Command Module Pilot Ronald Evans report seeing small lig…",Cislunar Space,Cislunar Space,,Moon,,disagree,,"csv, summary",csv=Cislunar Space; summary=Moon,
nasa-018-nasa-uap-d010-mercury-atlas-9-audio-excerpt-may-15-1963,NASA,NASA-UAP-D,10,"NASA-UAP-D010, Mercury Atlas 9 Audio Excerpt, May 15, 1963","Approximately one hour and 41 minutes into the final and longest flight of Project Mercury, Mercury-Atlas 9 mission (MA-9) Faith 7 Pilot L. Gordon Cooper Jr. notes that he sees “John’s fireflies,” re…",Low Earth Orbit,Low Earth Orbit,,,,single-source,Low Earth Orbit,csv,,
nasa-019-nasa-uap-d011-mercury-atlas-9-audio-excerpt-may-15-1963,NASA,NASA-UAP-D,11,"NASA-UAP-D011, Mercury Atlas 9 Audio Excerpt, May 15, 1963","During the final and longest flight of Project Mercury, Mercury-Atlas 9 mission (MA-9) Faith 7 Pilot L. Gordon Cooper Jr. describes the brilliant blue of sunrise beneath the haze layer of the Earth’s…",Low Earth Orbit,Low Earth Orbit,,,,single-source,Low Earth Orbit,csv,,
nasa-020-nasa-uap-d012-mercury-atlas-8-audio-excerpt-october-3-1962,NASA,NASA-UAP-D,12,"NASA-UAP-D012, Mercury Atlas 8 Audio Excerpt, October 3, 1962","During the Mercury Atlas 8 mission, Sigma 7 pilot Walter M. “Wally” Schirra Jr. describes observing “little white objects that tend to come from the capsule itself and drift off.” Schirra later also …",Low Earth Orbit,Low Earth Orbit,,,,single-source,Low Earth Orbit,csv,,
nasa-021-nasa-uap-d013-mercury-atlas-7-may-24-1962,NASA,NASA-UAP-D,13,"NASA-UAP-D013, Mercury Atlas 7, May 24, 1962","During the fourth crewed spaceflight and second orbital flight of Project Mercury, Mercury-Atlas 7 (MA-7), Aurora 7 pilot Scott Carpenter describes white particles in view that appear to move at “ran…",Low Earth Orbit,Low Earth Orbit,,,,single-source,Low Earth Orbit,csv,,
nasa-022-nasa-uap-d014-mercury-redstone-4-july-21-1961,NASA,NASA-UAP-D,14,"NASA-UAP-D014, Mercury-Redstone 4, July 21, 1961","During the recovery of the fourth launch and second crewed spaceflight of Project Mercury, Mercury-Redstone 4 (MR-4) Liberty Bell 7, the recovery team discusses a dye pack in the water that did not a…",North Atlantic Ocean,Atlantic Ocean,,,,single-source,Atlantic Ocean,csv,,
odni-001-odni-uap-d001-usper-narrative-senior-usic-official,ODNI,,,"ODNI-UAP-D001, USPER Narrative, Senior USIC Official",This document is a first-hand account written by a currently serving (May 2026) senior U.S. intelligence official. The official was part of a team investigating reports of unusual noises and sighting…,Western United States,Western United States,,,,single-source,Western United States,csv,,
state-001-59-214434-sp-16-7-18-1963,State,,,59_214434_SP 16 [7.18.1963],"This memorandum, dated July 18, 1963, from the Executive Office of the President, National Aeronautics and Space Council, relates to thoughts on the space alien race question. Included are details re…",N/A,,,,Washington (state); Moon,single-source,Washington (state),body,,
state-002-59-64634-711-5612-7-2852,State,,,59_64634_711.5612[7-2852,"This two page memorandum, dated July 18, 1952, relates to increased reports of unidentified flying objects (UFOs). Included in the record are possible explanations of increased sightings, such as tec…",N/A,,,,Washington (state); Moon,single-source,Washington (state),body,,
state-003-state-department-uap-cable-1-papua-new-guinea-january-28-198,State,State-Cable,1,"State Department UAP Cable 1, Papua New Guinea, January 28, 1985","This document is a U.S. Department of State diplomatic cable from the U.S. Embassy in Port Moresby, Papua New Guinea to USCINCPAC (United States Indo-Pacific Command) at Honolulu, HI on January 28, 1…",Papua New Guinea,Papua New Guinea,Papua New Guinea,Pacific Ocean; Papua New Guinea; Indo-PACOM; United States,Papua New Guinea,confirmed,Papua New Guinea,"body, csv, summary, title",,
state-004-state-department-uap-cable-2-kazakhstan-january-31-1994,State,State-Cable,2,"State Department UAP Cable 2, Kazakhstan, January 31, 1994","This document is a U.S. Department of State diplomatic cable from the U.S. Embassy in Dushanbe, Tajikistan to the Secretary of State in Washington, D.C. on January 31, 1994. On January 27, 1994 one T…",Kazakhstan,Kazakhstan,Kazakhstan,Kazakhstan,Ashgabat; Kazakhstan,confirmed,Kazakhstan,"body, csv, summary, title",,
state-005-state-department-uap-cable-3-tbilisi-georgia-october-30-2001,State,State-Cable,3,"State Department UAP Cable 3, Tbilisi, Georgia, October 30, 2001","On October 28-29, there was an incident alleged by the Georgian Foreign Ministry that Russian aircraft had violated Georgian airspace and bombed areas of the Kodori Gorge. Russians denied any of the …",Georgia,Georgia (country),Georgia (country),,Georgia (country); New York; Russia; Florida,confirmed,Georgia (country),"body, csv, title",,
state-006-state-department-uap-cable-4-ashgabat-turkmenistan-november,State,State-Cable,4,"State Department UAP Cable 4, Ashgabat, Turkmenistan, November 5, 2004",UFOlogists of Turkmenistan has gained a positive reputation as a reliable partner for the United States in Turkmenistan to the bemusement of the cable’s author in the build up of civil society organi…,Turkmenistan,Turkmenistan,Turkmenistan; Ashgabat,Turkmenistan; United States,Ashgabat; Texas; Turkmenistan; Florida,confirmed,Turkmenistan,"body, csv, summary, title",,
state-007-state-department-uap-cable-5-mexico-september-16-2003,State,State-Cable,5,"State Department UAP Cable 5, Mexico, September 16, 2003","On September 12, 20023 the Mexican Congress heard testimony on UAP from experts related to the debate about an Aerial Space Protection Law, which, if approved, would make Mexico the first country to …",Mexico,Mexico,Mexico,Mexico,Mexico; Florida,confirmed,Mexico,"body, csv, summary, title",,
state-008-59-64634-711-5612-7-2852,State,,,59_64634_711.5612[7-2852,"This two page memorandum, dated July 28, 1952, relates to increased reports of unidentified flying objects (UFOs). Included in the record are possible explanations of increased sightings, such as tec…",N/A,,,,,no-evidence,,,,
